golden_customer_id,source_customer_id,source_system,updated_date
1,522,billing,2023-10-08
1,523,support,2023-06-09
2,554,crm,2025-01-13
2,555,support,2024-11-12
2,556,support,2024-05-20
3,718,crm,2025-08-10
3,720,support,2024-09-21
4,137,billing,2025-05-25
4,138,billing,2025-06-10
4,139,support,2024-12-28
5,903,crm,2024-10-19
5,904,billing,2024-11-06
5,905,support,2024-05-02
6,954,crm,2025-04-15
6,955,billing,2025-07-07
7,479,billing,2024-11-14
7,480,billing,2024-06-04
7,481,support,2024-07-08
8,816,crm,2024-07-27
8,817,billing,2024-02-06
8,818,support,2024-01-07
9,144,crm,2023-03-14
9,145,billing,2023-11-11
9,146,support,2023-07-13
10,508,crm,2024-09-23
10,509,billing,2023-11-12
11,922,billing,2023-02-03
11,923,support,2023-02-06
12,449,crm,2024-06-11
12,450,billing,2023-10-22
12,451,support,2024-03-19
13,93,crm,2023-10-30
13,94,support,2024-06-27
14,574,support,2024-06-29
14,575,support,2024-12-25
15,572,billing,2024-09-30
15,573,billing,2025-03-19
16,778,crm,2024-01-23
16,779,crm,2023-11-14
16,780,billing,2024-04-14
16,781,support,2024-05-08
17,867,billing,2025-04-15
17,868,support,2024-11-15
18,176,crm,2024-03-10
18,177,billing,2024-11-30
19,852,crm,2024-05-23
19,853,billing,2024-08-06
19,854,support,2023-11-28
20,41,billing,2025-01-11
20,42,support,2024-02-17
21,824,crm,2023-07-07
21,825,billing,2023-07-29
21,826,support,2024-04-23
21,827,support,2024-03-15
22,716,billing,2024-11-28
22,717,support,2024-10-14
23,714,crm,2024-11-09
23,715,crm,2024-02-07
24,802,crm,2024-09-12
24,803,crm,2023-10-07
24,804,support,2023-12-13
25,539,crm,2024-05-22
25,540,billing,2024-07-28
25,541,support,2025-04-30
26,814,billing,2023-06-04
26,815,support,2023-08-23
27,353,crm,2024-03-16
27,355,support,2024-11-11
28,886,billing,2025-05-27
28,887,support,2025-04-16
29,281,crm,2023-07-01
29,282,billing,2023-08-25
29,283,support,2024-06-29
30,386,crm,2023-11-08
30,387,billing,2023-05-21
31,738,crm,2024-06-18
31,740,support,2025-04-09
32,770,billing,2023-07-06
32,771,support,2023-07-05
33,330,crm,2025-04-09
33,331,billing,2025-10-29
33,332,support,2025-05-15
33,333,support,2025-03-11
34,408,crm,2024-11-03
34,409,billing,2025-07-24
34,410,support,2025-07-06
35,657,crm,2024-11-08
35,659,support,2024-12-13
36,318,billing,2023-08-16
36,319,support,2023-09-19
37,600,crm,2024-06-26
37,602,support,2024-06-28
38,259,crm,2025-02-08
38,260,billing,2024-12-22
38,261,support,2025-06-04
39,487,crm,2024-09-27
39,488,billing,2024-09-13
40,80,crm,2024-06-15
40,81,billing,2024-07-01
40,82,support,2024-07-24
41,162,crm,2025-04-18
41,164,support,2025-05-24
42,747,crm,2024-12-14
42,748,billing,2024-10-18
42,749,support,2025-04-06
43,118,crm,2024-06-08
43,120,support,2024-09-22
44,292,crm,2023-09-12
44,294,support,2023-07-16
45,53,billing,2025-07-29
45,54,support,2025-01-21
46,843,crm,2023-10-14
46,844,support,2023-12-20
47,518,crm,2024-06-07
47,519,support,2024-02-27
47,520,support,2024-10-26
48,611,crm,2024-07-27
48,612,billing,2024-04-24
49,648,crm,2025-03-29
49,649,billing,2025-04-21
49,650,support,2024-07-05
50,300,crm,2024-01-03
50,301,crm,2023-07-25
50,302,billing,2024-07-05
50,303,support,2024-01-24
51,536,crm,2024-03-12
51,538,support,2024-04-21
52,753,crm,2025-04-18
52,754,billing,2025-09-15
52,755,support,2025-10-30
53,820,crm,2024-11-16
53,821,support,2025-04-27
54,849,crm,2024-01-22
54,850,billing,2024-08-23
55,858,crm,2024-02-28
55,859,support,2023-09-25
56,890,crm,2024-11-06
56,892,support,2024-10-05
57,569,crm,2024-01-17
57,570,billing,2024-04-27
57,571,support,2023-10-31
58,693,crm,2025-03-21
58,694,crm,2024-07-04
58,695,support,2025-02-01
59,726,crm,2024-09-12
59,727,billing,2024-08-24
59,728,support,2024-02-21
60,511,billing,2025-01-07
60,512,support,2025-06-11
61,379,billing,2023-08-01
61,380,support,2023-05-28
62,638,crm,2024-06-15
62,639,crm,2024-06-06
62,640,support,2023-10-14
63,127,crm,2024-04-20
63,128,billing,2024-03-29
64,459,crm,2023-09-01
64,460,support,2024-05-24
65,756,crm,2025-02-20
65,757,billing,2025-05-09
65,758,support,2025-01-22
66,165,crm,2024-09-26
66,167,support,2025-05-31
67,494,billing,2025-04-27
67,495,support,2024-10-06
68,641,crm,2025-04-10
68,642,billing,2025-05-26
69,651,crm,2024-07-03
69,652,support,2024-10-04
70,962,crm,2024-10-07
70,963,billing,2024-07-04
71,60,crm,2025-05-14
71,61,support,2025-03-07
72,272,crm,2023-12-28
72,273,billing,2023-10-14
72,274,billing,2024-05-10
72,275,support,2024-03-19
73,593,crm,2023-02-13
73,594,crm,2023-03-27
73,595,billing,2023-08-13
73,596,support,2024-01-06
74,787,billing,2025-03-24
74,788,billing,2024-08-19
74,789,support,2024-06-07
75,914,crm,2024-07-27
75,915,billing,2024-08-30
75,916,support,2025-02-28
76,723,crm,2025-01-09
76,724,billing,2024-12-07
76,725,support,2024-07-19
77,893,crm,2024-11-01
77,894,billing,2024-05-04
77,895,support,2024-12-08
78,945,crm,2024-05-03
78,946,support,2024-04-23
79,838,billing,2024-03-11
79,839,support,2023-08-30
80,438,billing,2024-01-25
80,439,support,2023-11-29
81,633,billing,2025-08-04
81,634,support,2025-02-14
82,951,crm,2024-03-19
82,953,support,2023-10-20
83,178,crm,2025-10-22
83,179,crm,2025-09-11
83,180,billing,2025-05-15
83,181,support,2025-04-11
83,182,support,2025-05-29
84,187,crm,2024-10-11
84,188,crm,2024-03-29
84,189,billing,2024-09-18
85,238,billing,2025-05-30
85,239,billing,2024-09-27
85,240,support,2024-12-19
85,241,support,2025-05-24
86,297,crm,2023-10-30
86,298,billing,2024-05-16
87,389,crm,2024-09-13
87,390,support,2025-01-02
88,77,crm,2024-04-12
88,78,billing,2024-05-06
88,79,support,2024-06-05
89,465,crm,2024-06-29
89,466,billing,2024-03-10
90,491,billing,2025-02-10
90,492,support,2025-05-23
91,514,support,2025-02-16
91,515,support,2024-10-01
92,576,crm,2025-03-19
92,577,billing,2025-03-24
92,578,support,2025-04-02
92,579,support,2025-05-29
93,790,crm,2025-01-08
93,791,billing,2024-06-06
93,792,support,2024-04-27
94,411,billing,2025-05-25
94,412,billing,2024-10-25
95,195,billing,2024-09-12
95,196,billing,2024-10-19
96,619,billing,2024-06-02
96,620,support,2024-01-21
97,878,billing,2025-06-03
97,879,billing,2024-11-02
98,198,crm,2023-12-30
98,199,billing,2023-08-30
99,484,crm,2024-05-30
99,485,billing,2025-03-08
99,486,support,2024-11-02
100,697,billing,2024-04-21
100,698,support,2025-03-15
101,446,crm,2024-03-18
101,447,billing,2024-08-03
101,448,support,2024-02-05
102,614,crm,2024-06-21
102,616,support,2024-08-20
103,763,crm,2024-11-01
103,765,support,2024-10-17
104,427,crm,2024-08-06
104,429,support,2024-07-30
105,4,crm,2023-11-23
105,5,billing,2023-10-22
105,6,support,2023-12-22
106,87,billing,2025-01-23
106,88,support,2024-11-23
107,335,billing,2023-12-26
107,336,support,2024-05-09
108,482,billing,2024-11-14
108,483,support,2024-11-30
109,268,crm,2024-05-26
109,269,crm,2023-09-17
109,270,billing,2023-10-17
110,516,crm,2025-07-21
110,517,support,2024-12-27
111,566,crm,2024-08-09
111,567,billing,2025-03-01
111,568,support,2025-03-10
112,43,crm,2025-07-29
112,44,billing,2025-06-09
113,62,crm,2024-12-30
113,63,billing,2024-12-27
113,64,support,2024-03-21
113,65,support,2024-07-19
114,191,crm,2025-03-26
114,192,crm,2024-07-15
114,194,support,2024-06-07
115,688,support,2023-04-02
115,689,support,2024-01-11
116,116,billing,2024-09-05
116,117,support,2024-07-11
117,227,crm,2023-07-12
117,228,billing,2023-12-12
117,229,support,2023-09-20
118,414,billing,2023-11-04
118,415,billing,2024-02-02
119,557,crm,2023-04-26
119,558,billing,2023-12-19
119,559,support,2024-04-07
120,95,crm,2023-09-06
120,96,billing,2023-07-31
121,341,crm,2024-04-09
121,342,billing,2024-11-25
121,343,support,2025-01-20
122,358,support,2025-02-28
122,359,support,2025-07-26
123,356,crm,2025-10-02
123,357,billing,2025-02-19
124,39,crm,2025-01-13
124,40,crm,2025-09-22
125,496,crm,2024-06-24
125,497,support,2024-08-31
126,907,billing,2023-12-24
126,908,support,2024-01-13
127,310,crm,2023-08-30
127,311,crm,2023-07-02
128,653,crm,2025-03-06
128,654,billing,2024-08-31
128,655,billing,2025-06-24
128,656,support,2024-06-26
129,690,crm,2024-08-09
129,692,support,2023-09-20
130,584,crm,2025-10-22
130,586,support,2025-06-11
131,846,crm,2023-06-02
131,847,billing,2024-02-03
131,848,support,2023-10-30
132,285,billing,2025-01-17
132,286,support,2024-08-09
133,49,crm,2023-08-28
133,50,crm,2023-09-15
133,51,billing,2024-04-19
133,52,support,2024-01-25
134,170,crm,2023-04-09
134,171,billing,2024-04-04
134,172,support,2023-05-04
135,324,billing,2024-09-10
135,325,support,2024-09-15
136,684,crm,2024-10-15
136,685,billing,2024-03-15
136,686,support,2024-03-09
137,735,crm,2025-02-11
137,736,billing,2024-07-27
138,225,billing,2024-10-16
138,226,billing,2024-05-27
139,454,crm,2024-09-28
139,455,crm,2024-05-22
139,456,billing,2024-06-20
140,46,crm,2024-07-07
140,47,billing,2024-07-20
140,48,support,2024-02-25
141,545,crm,2023-12-25
141,546,billing,2023-09-05
141,547,support,2024-05-31
141,548,support,2024-01-20
142,420,crm,2025-09-17
142,422,support,2025-04-27
142,423,support,2025-03-06
143,709,crm,2024-06-26
143,710,billing,2024-06-07
143,711,support,2024-06-30
144,235,crm,2025-04-23
144,236,billing,2024-12-08
145,471,crm,2024-12-15
145,472,billing,2024-09-21
146,232,crm,2024-12-18
146,233,billing,2024-11-20
146,234,support,2025-03-09
147,247,crm,2025-04-23
147,248,billing,2024-07-09
147,249,support,2024-10-29
148,361,crm,2023-08-03
148,362,billing,2023-03-09
149,502,crm,2024-11-26
149,503,billing,2024-10-25
149,504,support,2024-06-26
149,505,support,2025-04-21
150,70,billing,2025-02-02
150,71,support,2024-09-22
151,320,crm,2025-04-04
151,321,billing,2024-03-16
152,563,crm,2025-04-10
152,564,billing,2025-04-15
152,565,support,2024-11-23
153,699,crm,2025-04-22
153,701,support,2024-09-01
154,741,crm,2023-05-07
154,743,support,2024-02-24
155,744,crm,2025-03-30
155,745,billing,2024-07-29
155,746,support,2024-10-18
156,623,crm,2024-07-29
156,624,crm,2023-10-19
156,625,billing,2024-05-02
156,626,support,2023-07-20
157,935,billing,2023-06-19
157,936,support,2023-10-20
158,290,crm,2023-11-07
158,291,billing,2023-12-28
159,607,crm,2024-09-04
159,608,crm,2023-11-05
159,609,billing,2024-06-11
159,610,support,2024-07-27
160,869,crm,2024-10-28
160,870,support,2024-06-22
161,924,crm,2024-02-01
161,925,billing,2023-07-18
161,926,billing,2024-02-07
161,927,support,2023-07-07
162,627,crm,2024-01-31
162,629,support,2024-04-24
163,729,crm,2023-11-01
163,730,support,2024-02-24
164,142,crm,2025-02-23
164,143,support,2024-03-18
165,173,crm,2024-09-15
165,174,billing,2025-04-17
165,175,support,2024-09-09
166,418,billing,2025-05-12
166,419,support,2024-12-21
167,660,crm,2025-03-22
167,661,support,2025-08-27
168,244,crm,2024-12-08
168,246,support,2024-11-03
169,1,crm,2025-09-15
169,2,billing,2025-03-19
169,3,support,2025-07-06
170,130,crm,2024-04-30
170,132,support,2023-08-07
171,276,crm,2024-09-25
171,278,support,2024-07-17
172,338,billing,2024-03-22
172,339,billing,2024-05-01
172,340,support,2024-10-01
173,681,crm,2024-12-20
173,682,billing,2025-07-15
173,683,support,2025-03-26
174,880,crm,2024-07-27
174,881,billing,2024-06-19
174,882,support,2025-01-22
175,279,crm,2024-01-09
175,280,billing,2024-03-10
176,376,crm,2023-04-04
176,377,support,2023-09-11
177,931,crm,2025-03-11
177,933,support,2025-03-10
178,11,crm,2025-05-02
178,12,billing,2025-08-09
178,13,support,2025-07-08
178,14,support,2025-01-09
179,664,crm,2025-02-08
179,665,billing,2024-05-19
180,75,billing,2023-09-10
180,76,support,2023-09-07
181,947,crm,2025-01-26
181,949,support,2024-11-06
181,950,support,2024-05-27
182,147,crm,2025-11-30
182,148,billing,2025-09-11
182,149,billing,2025-04-13
182,150,support,2025-01-15
183,430,crm,2025-02-28
183,431,billing,2025-03-15
183,432,support,2024-12-18
184,672,crm,2024-04-02
184,673,billing,2023-04-21
185,474,crm,2023-04-27
185,475,billing,2023-06-08
186,108,crm,2025-07-03
186,109,billing,2025-04-27
187,111,billing,2023-10-15
187,112,support,2024-02-21
188,133,crm,2024-11-05
188,134,billing,2024-08-22
188,135,support,2024-08-24
189,29,billing,2024-02-07
189,30,billing,2024-05-26
189,31,support,2023-12-11
190,452,billing,2025-04-19
190,453,support,2025-01-07
191,68,billing,2025-04-22
191,69,support,2025-07-27
192,597,crm,2023-03-21
192,598,billing,2023-05-22
192,599,support,2023-12-27
193,760,billing,2025-02-03
193,761,support,2024-10-24
193,762,support,2024-09-25
194,605,billing,2025-04-09
194,606,support,2025-03-13
195,896,crm,2024-09-16
195,897,crm,2024-10-16
195,898,billing,2024-10-13
195,899,support,2025-01-22
196,101,crm,2024-04-01
196,102,billing,2023-12-01
196,103,support,2024-04-04
197,7,crm,2025-01-05
197,9,support,2025-04-08
197,10,support,2025-02-23
198,287,crm,2024-09-20
198,288,billing,2025-01-15
198,289,billing,2024-07-09
199,621,billing,2025-06-19
199,622,support,2025-10-19
200,928,crm,2024-07-03
200,929,billing,2024-08-23
200,930,support,2024-07-17
201,140,crm,2023-08-06
201,141,support,2024-03-26
202,506,crm,2023-12-04
202,507,support,2023-12-29
203,215,crm,2024-06-25
203,216,billing,2024-01-14
203,217,support,2023-08-05
204,617,crm,2024-03-25
204,618,billing,2023-08-05
205,212,crm,2025-01-24
205,213,billing,2024-08-30
205,214,support,2024-04-16
206,328,crm,2024-07-13
206,329,support,2024-08-31
207,435,crm,2024-05-30
207,437,support,2024-04-15
208,939,crm,2024-12-06
208,940,billing,2025-08-04
208,941,support,2024-09-27
209,345,billing,2024-06-28
209,346,support,2024-07-07
210,667,crm,2024-11-23
210,668,billing,2025-03-04
210,669,support,2024-12-13
211,834,crm,2024-08-09
211,835,crm,2024-10-19
211,836,billing,2024-12-09
211,837,support,2025-01-05
212,888,crm,2024-07-13
212,889,billing,2023-08-18
213,910,billing,2023-08-08
213,911,support,2024-02-26
214,208,billing,2024-07-19
214,209,support,2024-07-24
215,394,crm,2025-01-09
215,396,support,2024-12-18
216,675,crm,2025-01-30
216,676,billing,2024-07-19
216,677,billing,2024-02-25
217,883,crm,2025-02-24
217,884,support,2024-10-19
218,157,crm,2023-11-20
218,158,billing,2023-12-13
218,159,support,2023-09-23
219,751,billing,2024-02-14
219,752,support,2024-03-28
220,265,crm,2025-01-07
220,266,billing,2024-06-12
220,267,support,2024-01-27
221,871,billing,2023-09-22
221,872,support,2024-02-05
222,242,billing,2023-08-09
222,243,support,2024-01-26
223,530,billing,2024-12-17
223,531,billing,2024-04-09
224,528,crm,2024-11-02
224,529,crm,2024-01-15
224,532,support,2024-06-05
225,560,crm,2024-01-11
225,561,billing,2024-05-29
226,957,crm,2025-05-10
226,958,billing,2025-07-02
226,959,support,2025-06-28
227,210,billing,2024-01-11
227,211,support,2024-08-04
228,22,crm,2024-10-22
228,23,crm,2025-04-01
228,24,billing,2025-09-06
228,25,support,2025-03-11
229,262,crm,2023-10-07
229,264,support,2023-08-19
230,468,crm,2023-11-13
230,469,billing,2023-08-14
230,470,support,2023-09-16
231,863,crm,2025-03-18
231,864,billing,2024-12-15
232,205,crm,2024-04-24
232,207,support,2023-12-01
233,350,crm,2024-08-05
233,351,billing,2024-11-18
233,352,support,2024-07-02
234,630,crm,2025-01-03
234,631,billing,2025-01-29
235,809,crm,2024-04-07
235,810,billing,2025-01-26
235,811,billing,2024-06-12
236,256,crm,2024-06-03
236,257,billing,2024-09-12
237,313,billing,2024-11-24
237,314,support,2025-05-17
238,405,crm,2023-07-12
238,406,billing,2023-09-10
238,407,support,2023-08-21
239,551,crm,2024-03-22
239,552,billing,2024-10-03
239,553,support,2024-09-04
240,374,crm,2023-11-26
240,375,support,2023-12-04
241,588,billing,2024-03-14
241,589,support,2023-10-23
241,590,support,2024-07-29
242,731,billing,2024-02-22
242,732,billing,2024-03-19
242,733,support,2024-07-02
243,841,billing,2025-04-05
243,842,support,2024-12-31
244,440,crm,2025-02-02
244,441,billing,2025-10-19
244,442,support,2025-03-27
245,525,billing,2023-04-26
245,526,support,2023-02-01
246,942,crm,2024-03-20
246,943,billing,2023-06-22
246,944,support,2024-02-17
247,461,crm,2025-01-21
247,462,support,2025-05-08
248,83,crm,2025-09-15
248,84,billing,2025-04-30
249,307,crm,2023-10-29
249,308,billing,2023-07-16
249,309,support,2023-03-14
250,401,crm,2024-08-17
250,402,support,2024-09-07
251,106,crm,2024-10-27
251,107,support,2024-01-01
252,712,billing,2025-07-17
252,713,support,2024-12-03
253,795,crm,2023-08-02
253,797,support,2024-01-27
254,798,crm,2024-10-07
254,799,crm,2025-02-22
254,800,billing,2024-12-19
254,801,support,2025-01-08
255,153,crm,2024-10-20
255,154,billing,2024-12-03
255,155,billing,2024-11-15
256,443,crm,2024-04-16
256,444,billing,2024-01-15
256,445,support,2024-04-20
257,15,crm,2023-11-05
257,16,billing,2023-08-13
257,17,billing,2023-09-16
258,230,crm,2023-10-29
258,231,billing,2023-07-28
259,363,crm,2024-07-26
259,364,billing,2025-01-20
259,365,support,2024-05-01
260,782,crm,2024-05-04
260,783,billing,2023-12-08
260,784,billing,2024-11-07
260,785,support,2024-02-01
261,253,crm,2024-08-02
261,254,billing,2023-12-06
261,255,support,2024-11-09
262,347,crm,2024-05-27
262,348,billing,2024-03-08
263,36,crm,2025-08-24
263,37,billing,2024-09-01
263,38,support,2025-01-26
264,644,crm,2024-11-13
264,645,crm,2024-09-25
264,646,billing,2025-03-29
264,647,support,2024-05-20
265,580,crm,2025-03-10
265,581,crm,2025-07-12
265,582,billing,2025-08-07
265,583,support,2024-10-23
266,636,billing,2024-06-05
266,637,support,2024-01-20
267,533,crm,2024-08-23
267,534,billing,2024-12-06
268,124,billing,2024-03-09
268,125,support,2024-05-28
268,126,support,2023-12-14
269,304,crm,2023-12-09
269,306,support,2023-04-14
270,391,crm,2023-04-08
270,393,support,2023-11-05
271,222,crm,2024-11-13
271,223,billing,2025-02-11
272,805,crm,2024-09-05
272,806,billing,2025-08-29
273,918,billing,2024-08-10
273,919,support,2024-09-24
273,920,support,2023-12-16
274,98,crm,2024-11-07
274,99,billing,2024-05-19
275,113,crm,2024-12-15
275,114,billing,2024-05-31
275,115,support,2025-05-02
276,371,crm,2023-09-09
276,372,billing,2024-02-15
276,373,support,2024-04-15
277,32,billing,2025-11-16
277,33,support,2025-03-27
278,704,crm,2024-12-09
278,705,billing,2024-09-01
278,706,support,2024-08-29
279,831,billing,2024-04-02
279,832,billing,2024-04-05
279,833,support,2023-05-24
280,19,crm,2023-10-29
280,20,billing,2023-10-02
280,21,support,2024-08-14
281,218,crm,2023-06-04
281,219,billing,2023-08-25
281,220,support,2023-07-21
281,221,support,2023-07-20
282,381,crm,2024-04-01
282,382,billing,2024-09-15
282,383,support,2024-02-16
283,774,crm,2024-02-07
283,775,billing,2025-01-28
284,776,support,2024-10-04
284,777,support,2024-02-21
285,73,billing,2025-06-24
285,74,support,2025-09-06
286,829,billing,2024-03-08
286,830,support,2023-09-15
287,873,crm,2023-08-25
287,874,crm,2023-09-06
287,876,support,2023-02-23
288,183,crm,2024-02-29
288,184,crm,2024-11-03
288,185,billing,2023-12-23
288,186,support,2024-02-21
289,424,crm,2024-11-08
289,425,billing,2025-02-11
289,426,support,2024-10-12
290,500,billing,2024-02-06
290,501,support,2024-06-13
291,55,crm,2025-04-14
291,57,support,2025-02-16
292,855,crm,2025-01-27
292,856,crm,2025-06-22
292,857,billing,2024-11-09
293,860,crm,2025-01-19
293,862,support,2024-12-07
294,702,crm,2025-04-01
294,703,support,2025-01-19
295,901,support,2023-09-21
295,902,support,2024-02-16
296,366,crm,2024-03-07
296,367,billing,2024-04-14
296,368,support,2024-01-27
297,542,crm,2023-05-15
297,543,billing,2023-06-22
297,544,support,2024-01-02
298,956,support,2025-07-15
299,822,billing,2025-06-29
299,823,support,2025-06-10
300,258,support,2023-10-14
301,934,crm,2023-12-16
302,417,crm,2025-01-30
303,674,support,2023-10-31
304,323,crm,2024-05-31
305,58,crm,2025-12-26
305,59,billing,2025-06-03
306,193,billing,2025-02-13
307,295,crm,2025-04-24
307,296,support,2024-09-13
308,739,billing,2025-03-12
309,635,crm,2024-01-08
310,900,crm,2023-10-09
311,86,crm,2025-02-20
312,524,crm,2023-08-17
313,197,support,2024-11-20
314,737,support,2025-02-08
315,840,crm,2025-05-24
316,203,crm,2024-03-16
316,204,billing,2024-07-01
317,34,crm,2024-01-21
317,35,support,2023-12-14
318,666,support,2025-01-05
319,384,billing,2025-04-12
319,385,support,2024-10-08
320,349,support,2024-06-07
321,334,crm,2023-09-15
322,56,billing,2025-01-31
323,104,crm,2024-04-06
323,105,support,2024-06-01
324,392,billing,2023-11-27
325,513,billing,2024-12-19
326,628,billing,2023-10-30
327,786,crm,2025-03-15
328,587,crm,2024-07-29
329,632,support,2024-08-05
330,742,billing,2024-04-01
331,110,support,2025-05-23
332,237,crm,2025-07-28
333,312,billing,2024-06-05
334,293,billing,2023-12-14
335,875,billing,2023-07-10
336,378,crm,2023-03-20
337,66,crm,2024-11-12
337,67,support,2025-07-11
338,521,crm,2023-12-08
339,700,billing,2025-01-25
340,433,crm,2025-05-07
340,434,support,2025-03-05
341,670,billing,2024-01-18
341,671,support,2023-08-03
342,679,crm,2025-05-11
342,680,support,2025-07-18
343,489,support,2025-05-23
344,45,support,2024-10-17
345,807,support,2025-07-21
346,719,billing,2025-01-06
347,750,crm,2024-05-30
348,769,crm,2023-08-18
349,136,crm,2024-12-20
350,764,billing,2025-03-04
351,601,billing,2024-12-20
352,678,support,2024-06-02
353,478,crm,2025-01-23
354,585,billing,2024-12-29
355,851,support,2024-08-31
356,337,crm,2024-11-28
357,395,billing,2024-09-28
358,613,support,2024-03-27
359,707,crm,2024-01-12
359,708,support,2024-03-31
360,26,crm,2024-03-17
360,27,billing,2024-11-29
361,163,billing,2025-02-17
362,224,support,2024-11-30
363,160,crm,2024-08-11
363,161,support,2024-07-20
364,473,support,2025-05-26
365,865,support,2024-12-27
366,796,billing,2023-08-22
367,457,billing,2025-05-02
367,458,support,2024-12-05
368,131,billing,2024-02-19
369,299,support,2024-02-11
370,767,crm,2025-03-22
370,768,billing,2025-02-28
371,793,billing,2023-11-08
371,794,support,2023-12-02
372,562,support,2024-04-14
373,89,crm,2025-07-24
373,90,billing,2025-09-21
374,326,crm,2025-01-31
374,327,billing,2025-02-04
375,18,support,2023-06-23
376,591,crm,2024-10-01
376,592,billing,2024-10-09
377,398,billing,2023-10-11
377,399,support,2023-12-17
378,436,billing,2024-10-23
379,861,billing,2024-07-27
380,190,support,2024-02-09
381,91,crm,2023-04-17
381,92,support,2023-12-21
382,121,crm,2024-06-19
382,122,billing,2023-10-03
383,917,crm,2024-04-25
384,100,support,2025-02-09
385,687,crm,2024-01-03
386,251,billing,2025-03-10
386,252,support,2024-12-13
387,421,billing,2025-01-03
388,344,crm,2024-12-22
389,72,crm,2025-09-06
390,123,crm,2023-12-23
391,206,billing,2024-12-10
392,891,billing,2025-07-25
393,403,billing,2024-03-15
393,404,support,2024-02-26
394,909,crm,2024-05-04
395,535,support,2024-11-26
396,369,billing,2024-04-05
396,370,support,2024-05-26
397,877,crm,2025-05-08
398,721,billing,2023-10-28
398,722,support,2024-01-11
399,490,crm,2024-11-25
400,643,support,2025-04-28
401,948,billing,2024-03-25
402,271,support,2023-06-26
403,85,support,2025-05-11
404,952,billing,2024-01-29
405,245,billing,2024-08-21
406,772,crm,2023-09-11
406,773,billing,2024-05-16
407,119,billing,2024-11-08
408,317,crm,2023-05-07
409,932,billing,2024-11-01
410,284,crm,2024-06-10
411,200,support,2023-07-19
412,97,support,2023-10-23
413,691,billing,2024-06-17
414,413,support,2024-11-27
415,912,crm,2023-11-03
415,913,billing,2023-12-30
416,549,crm,2024-08-10
416,550,billing,2025-08-16
417,151,crm,2024-05-21
417,152,support,2025-04-14
418,937,crm,2023-09-25
418,938,support,2024-04-17
419,354,billing,2024-04-16
420,305,billing,2024-01-16
421,866,crm,2024-08-27
422,156,support,2025-07-31
423,510,crm,2024-10-01
424,696,crm,2024-11-02
425,428,billing,2024-05-11
426,263,billing,2023-11-18
427,537,billing,2023-10-11
428,658,billing,2025-04-07
429,812,support,2024-01-27
430,759,crm,2025-01-15
431,388,support,2023-03-31
432,499,crm,2024-05-20
433,467,support,2024-10-31
434,315,crm,2025-04-24
434,316,support,2024-06-04
435,129,support,2024-11-25
436,662,crm,2024-08-06
436,663,support,2025-03-04
437,906,crm,2023-06-21
438,463,crm,2023-06-04
438,464,billing,2024-01-12
439,322,support,2025-02-28
440,476,support,2023-08-15
441,615,billing,2024-03-11
442,8,billing,2025-05-17
443,813,crm,2023-08-13
444,921,crm,2023-07-25
445,603,crm,2024-09-02
445,604,billing,2024-04-26
446,277,billing,2025-03-03
447,168,billing,2024-05-09
447,169,support,2023-12-29
448,166,billing,2025-04-02
449,416,support,2023-11-20
450,28,crm,2024-10-27
451,960,crm,2024-03-09
451,961,billing,2024-08-17
452,201,billing,2023-04-24
453,202,crm,2024-07-31
454,250,support,2025-04-06
455,360,support,2024-11-10
456,397,crm,2024-10-18
457,400,support,2023-06-09
458,477,crm,2024-07-03
459,493,crm,2023-06-13
460,498,billing,2024-10-02
461,527,crm,2024-07-09
462,734,billing,2024-10-24
463,766,support,2024-05-10
464,808,billing,2024-02-18
465,819,billing,2023-09-02
466,828,billing,2025-01-10
467,845,support,2024-03-21
468,885,support,2024-06-18
469,964,crm,2024-10-30
470,965,billing,2024-05-27
471,966,support,2024-08-23
472,967,support,2024-10-13
473,968,support,2024-07-13
474,969,billing,2024-03-03
475,970,billing,2024-12-14
476,971,support,2024-06-02
477,972,support,2024-08-27
478,973,crm,2024-10-22
479,974,crm,2024-06-05
480,975,billing,2024-12-07
481,976,support,2024-02-12
482,977,support,2024-10-17
483,978,billing,2024-02-15
484,979,billing,2024-11-14
485,980,crm,2024-11-22
486,981,crm,2024-03-21
487,982,billing,2024-06-25
488,983,crm,2024-04-28
489,984,support,2024-11-11
490,985,crm,2024-10-21
491,986,billing,2024-09-09
492,987,crm,2024-05-13
493,988,crm,2024-04-19
