conversion_id,user_id,conversion_ts,revenue,conversion_type
1,u000072,2024-08-02 09:00:00,70.97,Trial Started
2,u000072,2024-05-25 06:00:00,74.47,Trial Started
3,u001096,2024-10-22 01:00:00,141.2,Trial Started
4,u001096,2024-04-10 03:00:00,50.88,Trial Started
5,u000924,2024-07-23 06:00:00,38.88,Upsell
6,u000576,2024-07-04 23:00:00,71.09,Upsell
7,u000386,2024-04-18 01:00:00,78.14,Upsell
8,u000775,2024-01-28 06:00:00,88.84,Paid Signup
9,u001388,2024-01-03 07:00:00,35.75,Paid Signup
10,u000797,2024-11-06 14:00:00,57.22,Upsell
11,u001124,2024-06-02 09:00:00,76.79,Upsell
12,u001148,2024-06-17 13:00:00,60.1,Paid Signup
13,u001673,2024-10-03 18:00:00,72.5,Trial Started
14,u000555,2024-02-05 16:00:00,48.89,Trial Started
15,u000555,2024-05-16 19:00:00,62.42,Paid Signup
16,u000439,2024-02-04 05:00:00,60.95,Paid Signup
17,u000439,2024-02-17 05:00:00,27.04,Paid Signup
18,u000682,2024-05-20 10:00:00,69.28,Upsell
19,u001568,2024-07-08 21:00:00,55.31,Trial Started
20,u001012,2024-05-13 17:00:00,65.81,Trial Started
21,u001482,2024-01-29 04:00:00,57.43,Paid Signup
22,u001777,2024-09-18 03:00:00,26.08,Upsell
23,u000479,2024-02-14 10:00:00,46.98,Trial Started
24,u000445,2024-03-11 08:00:00,38.7,Trial Started
25,u000280,2024-04-08 20:00:00,89.77,Paid Signup
26,u000866,2024-10-27 22:00:00,59.84,Paid Signup
27,u000866,2024-08-26 01:00:00,41.23,Upsell
28,u001103,2024-06-15 14:00:00,34.52,Trial Started
29,u000738,2024-02-23 08:00:00,83.59,Trial Started
30,u000738,2024-04-11 03:00:00,94.36,Trial Started
31,u000532,2024-01-22 18:00:00,43.88,Paid Signup
32,u001250,2024-02-04 04:00:00,137.35,Upsell
33,u001250,2024-06-28 01:00:00,21.52,Trial Started
34,u001048,2024-06-20 05:00:00,34.54,Trial Started
35,u001309,2024-09-12 18:00:00,77.47,Upsell
36,u001460,2024-08-22 11:00:00,67.59,Trial Started
37,u001749,2024-08-31 18:00:00,81.88,Upsell
38,u001749,2024-07-13 15:00:00,128.98,Paid Signup
39,u000614,2024-02-23 03:00:00,74.96,Paid Signup
40,u000766,2024-01-17 20:00:00,106.55,Upsell
41,u000766,2024-05-28 18:00:00,81.61,Upsell
42,u001787,2024-07-17 20:00:00,68.82,Trial Started
43,u001787,2024-05-24 04:00:00,48.21,Upsell
44,u000279,2024-04-11 09:00:00,23.9,Trial Started
45,u000279,2024-06-21 21:00:00,39.95,Trial Started
46,u000079,2024-03-10 18:00:00,70.32,Trial Started
47,u000667,2024-04-12 16:00:00,100.02,Upsell
48,u000667,2024-01-21 18:00:00,44.8,Upsell
49,u000681,2024-10-03 20:00:00,19.93,Upsell
50,u000681,2024-07-01 03:00:00,61.49,Trial Started
51,u001291,2024-07-04 13:00:00,81.57,Upsell
52,u001013,2024-08-24 21:00:00,70.54,Trial Started
53,u000163,2024-02-22 22:00:00,87.35,Upsell
54,u001542,2024-09-26 17:00:00,83.57,Trial Started
55,u001246,2024-04-27 22:00:00,94.97,Paid Signup
56,u001053,2024-03-23 05:00:00,66.79,Paid Signup
57,u001053,2024-05-26 23:00:00,99.17,Paid Signup
58,u001682,2024-02-06 21:00:00,89.91,Paid Signup
59,u000976,2024-06-26 23:00:00,71.68,Paid Signup
60,u000410,2024-02-10 13:00:00,63.79,Paid Signup
61,u001151,2024-03-27 10:00:00,52.65,Paid Signup
62,u000498,2024-10-08 22:00:00,140.51,Trial Started
63,u000498,2024-05-02 19:00:00,44.9,Trial Started
64,u001588,2024-01-15 15:00:00,210.48,Paid Signup
65,u001588,2024-07-12 12:00:00,68.07,Paid Signup
66,u000679,2024-09-15 19:00:00,58.64,Upsell
67,u001190,2024-08-26 11:00:00,34.87,Trial Started
68,u001071,2024-10-11 21:00:00,80.25,Upsell
69,u001528,2024-03-09 15:00:00,40.48,Trial Started
70,u001528,2024-02-22 00:00:00,72.66,Trial Started
71,u001759,2024-05-07 06:00:00,41.77,Paid Signup
72,u000960,2024-04-25 18:00:00,50.48,Trial Started
73,u000776,2024-02-02 06:00:00,35.27,Trial Started
74,u000776,2024-12-17 21:00:00,175.21,Paid Signup
75,u001486,2024-07-23 03:00:00,112.08,Trial Started
76,u001486,2024-03-25 14:00:00,68.45,Paid Signup
77,u000503,2024-03-19 12:00:00,45.04,Upsell
78,u001336,2024-11-17 22:00:00,62.3,Upsell
79,u001336,2024-02-03 01:00:00,79.69,Trial Started
80,u000818,2024-12-04 09:00:00,48.5,Trial Started
81,u001095,2024-09-04 11:00:00,81.42,Trial Started
82,u001375,2024-10-02 10:00:00,127.77,Upsell
83,u001303,2024-07-01 04:00:00,32.77,Upsell
84,u001303,2024-02-26 19:00:00,70.09,Trial Started
85,u000193,2024-03-28 02:00:00,56.59,Paid Signup
86,u001182,2024-06-27 23:00:00,28.26,Paid Signup
87,u001119,2024-04-29 00:00:00,76.47,Upsell
88,u001119,2024-02-22 21:00:00,73.69,Trial Started
89,u000076,2024-04-04 10:00:00,97.12,Paid Signup
90,u000839,2024-01-28 23:00:00,65.72,Trial Started
91,u000839,2024-03-08 20:00:00,32.61,Paid Signup
92,u000127,2024-03-22 12:00:00,129.98,Trial Started
93,u001341,2024-05-03 23:00:00,40.58,Trial Started
94,u001642,2024-01-10 04:00:00,66.59,Paid Signup
95,u000606,2024-02-01 22:00:00,81.59,Paid Signup
96,u000826,2024-09-10 04:00:00,66.52,Paid Signup
97,u000632,2024-11-26 03:00:00,51.83,Upsell
98,u000214,2024-10-26 16:00:00,38.43,Paid Signup
99,u000214,2024-06-13 08:00:00,78.01,Upsell
100,u000559,2024-09-07 16:00:00,54.01,Trial Started
101,u000846,2024-05-06 17:00:00,43.59,Upsell
102,u000846,2024-03-16 19:00:00,58.7,Trial Started
103,u001790,2024-07-06 04:00:00,102.53,Upsell
104,u001790,2024-05-27 22:00:00,163.14,Trial Started
105,u000526,2024-02-15 08:00:00,71.99,Paid Signup
106,u000380,2024-11-16 15:00:00,38.47,Upsell
107,u000902,2024-11-13 18:00:00,54.44,Upsell
108,u000946,2024-07-01 14:00:00,76.88,Upsell
109,u001566,2024-11-22 23:00:00,35.69,Upsell
110,u001566,2024-02-15 14:00:00,127.09,Upsell
111,u001227,2024-03-29 02:00:00,54.76,Upsell
112,u001465,2024-08-03 06:00:00,34.42,Paid Signup
113,u001404,2024-08-02 13:00:00,148.21,Upsell
114,u000232,2024-10-20 09:00:00,49.19,Paid Signup
115,u000831,2024-10-08 12:00:00,63.42,Upsell
116,u000147,2024-03-02 01:00:00,61.94,Paid Signup
117,u001679,2024-12-12 14:00:00,83.1,Upsell
118,u001470,2024-07-20 00:00:00,77.15,Paid Signup
119,u000909,2024-11-09 21:00:00,100.69,Trial Started
120,u001760,2024-12-20 11:00:00,94.93,Paid Signup
121,u001622,2024-06-14 09:00:00,43.27,Upsell
122,u000535,2024-07-14 18:00:00,150.67,Trial Started
123,u000461,2024-10-12 12:00:00,88.36,Upsell
124,u001552,2024-03-02 17:00:00,75.05,Trial Started
125,u000992,2024-08-31 09:00:00,45.56,Upsell
126,u001644,2024-10-09 07:00:00,50.04,Trial Started
127,u001522,2024-06-21 17:00:00,34.58,Upsell
128,u001773,2024-01-29 19:00:00,105.52,Paid Signup
129,u001179,2024-09-27 09:00:00,52.82,Upsell
130,u000085,2024-03-16 23:00:00,51.81,Trial Started
131,u000085,2024-05-11 08:00:00,44.25,Trial Started
132,u001163,2024-01-21 02:00:00,68.78,Upsell
133,u000190,2024-11-20 06:00:00,55.5,Upsell
134,u000959,2024-11-07 08:00:00,64.55,Trial Started
135,u001242,2024-01-30 10:00:00,38.79,Trial Started
136,u000377,2024-02-05 18:00:00,127.75,Upsell
137,u000189,2024-02-03 17:00:00,92.06,Trial Started
138,u000307,2024-07-03 00:00:00,82.93,Paid Signup
139,u001107,2024-08-06 06:00:00,71.01,Upsell
140,u001475,2024-11-16 04:00:00,107.27,Paid Signup
141,u000840,2024-05-15 17:00:00,69.42,Trial Started
142,u001406,2024-09-20 00:00:00,78.72,Trial Started
143,u001136,2024-03-18 10:00:00,51.82,Paid Signup
144,u001610,2024-04-27 02:00:00,77.3,Trial Started
145,u000035,2024-12-27 11:00:00,56.35,Paid Signup
146,u000139,2024-06-22 22:00:00,108.56,Trial Started
147,u000139,2024-12-05 03:00:00,68.22,Trial Started
148,u001735,2024-09-02 09:00:00,95.89,Trial Started
149,u001735,2024-10-11 00:00:00,114.45,Upsell
150,u000123,2024-01-28 10:00:00,57.46,Upsell
151,u001174,2024-03-16 15:00:00,111.84,Upsell
152,u001174,2024-06-21 08:00:00,47.72,Paid Signup
153,u001565,2024-11-23 01:00:00,46.86,Trial Started
154,u001565,2024-05-13 01:00:00,53.87,Paid Signup
155,u000181,2024-11-04 12:00:00,88.11,Trial Started
156,u000794,2024-03-24 12:00:00,94.69,Trial Started
157,u000794,2024-01-10 21:00:00,76.1,Upsell
158,u000100,2024-05-17 00:00:00,91.24,Upsell
159,u001232,2024-05-03 04:00:00,46.19,Paid Signup
160,u001232,2024-08-30 02:00:00,63.29,Paid Signup
161,u001758,2024-06-28 12:00:00,47.47,Paid Signup
162,u000845,2024-11-22 18:00:00,78.65,Trial Started
163,u001436,2024-10-28 04:00:00,90.7,Paid Signup
164,u001436,2024-11-08 11:00:00,80.12,Upsell
165,u001602,2024-06-05 21:00:00,45.33,Upsell
166,u000202,2024-01-04 01:00:00,56.04,Upsell
167,u000590,2024-03-12 16:00:00,89.1,Paid Signup
168,u001058,2024-02-09 11:00:00,98.65,Upsell
169,u000040,2024-05-09 06:00:00,29.74,Upsell
170,u001456,2024-04-16 19:00:00,48.76,Upsell
171,u000602,2024-01-20 09:00:00,46.31,Trial Started
172,u000602,2024-09-25 01:00:00,50.12,Trial Started
173,u000048,2024-12-10 19:00:00,72.51,Upsell
174,u001428,2024-12-23 04:00:00,78.0,Upsell
175,u001611,2024-06-19 06:00:00,60.12,Trial Started
176,u001424,2024-08-10 00:00:00,137.67,Paid Signup
177,u000060,2024-11-22 01:00:00,79.01,Paid Signup
178,u000060,2024-12-07 06:00:00,41.64,Paid Signup
179,u000651,2024-10-08 12:00:00,89.94,Upsell
180,u000337,2024-12-15 22:00:00,160.57,Trial Started
181,u000152,2024-02-14 12:00:00,44.92,Upsell
182,u001800,2024-07-14 13:00:00,18.8,Upsell
183,u001169,2024-04-09 08:00:00,88.72,Trial Started
184,u000726,2024-10-03 15:00:00,35.65,Trial Started
185,u001417,2024-08-30 19:00:00,78.74,Trial Started
186,u001537,2024-12-04 02:00:00,72.92,Paid Signup
187,u000677,2024-02-22 14:00:00,88.98,Trial Started
188,u001263,2024-11-14 17:00:00,92.91,Upsell
189,u001771,2024-11-17 08:00:00,38.03,Trial Started
190,u000097,2024-03-06 08:00:00,59.99,Paid Signup
191,u000097,2024-07-30 12:00:00,74.8,Paid Signup
192,u001378,2024-06-04 10:00:00,65.8,Upsell
193,u000701,2024-05-18 10:00:00,91.7,Upsell
194,u000875,2024-03-14 06:00:00,103.16,Paid Signup
195,u000653,2024-08-31 15:00:00,101.82,Paid Signup
196,u001722,2024-10-25 18:00:00,42.42,Trial Started
197,u001506,2024-08-03 19:00:00,94.19,Paid Signup
198,u001278,2024-04-19 10:00:00,63.81,Paid Signup
199,u000229,2024-01-08 22:00:00,63.0,Trial Started
200,u000350,2024-10-11 12:00:00,120.79,Upsell
201,u001778,2024-01-31 23:00:00,77.0,Upsell
202,u001067,2024-07-30 11:00:00,51.81,Paid Signup
203,u001067,2024-06-01 19:00:00,35.11,Paid Signup
204,u000745,2024-05-30 22:00:00,50.11,Trial Started
205,u000745,2024-10-27 19:00:00,59.87,Upsell
206,u000993,2024-02-29 09:00:00,57.2,Trial Started
207,u000993,2024-01-17 11:00:00,97.04,Trial Started
208,u000326,2024-02-19 08:00:00,51.89,Trial Started
209,u000326,2024-04-02 16:00:00,110.56,Upsell
210,u000462,2024-10-31 23:00:00,52.45,Upsell
211,u001613,2024-09-27 16:00:00,131.75,Paid Signup
212,u000027,2024-03-07 23:00:00,32.44,Paid Signup
213,u001689,2024-01-31 12:00:00,54.58,Trial Started
214,u001687,2024-08-12 15:00:00,91.82,Trial Started
215,u001687,2024-04-03 17:00:00,129.54,Trial Started
216,u001476,2024-06-10 06:00:00,45.94,Paid Signup
217,u001747,2024-03-15 10:00:00,83.72,Paid Signup
218,u000994,2024-11-17 16:00:00,68.67,Trial Started
219,u001284,2024-12-12 11:00:00,62.03,Paid Signup
220,u000488,2024-02-18 06:00:00,49.85,Trial Started
221,u001369,2024-07-06 12:00:00,50.64,Paid Signup
222,u001653,2024-05-22 22:00:00,87.53,Paid Signup
223,u001019,2024-09-01 06:00:00,49.01,Upsell
224,u001305,2024-08-16 16:00:00,82.48,Paid Signup
225,u000215,2024-07-31 14:00:00,62.66,Paid Signup
226,u000215,2024-03-15 23:00:00,33.63,Trial Started
227,u001314,2024-07-18 00:00:00,64.46,Upsell
228,u000500,2024-08-19 22:00:00,85.78,Paid Signup
229,u000088,2024-03-04 01:00:00,56.06,Trial Started
230,u000553,2024-12-30 12:00:00,58.73,Paid Signup
231,u001253,2024-11-23 05:00:00,93.43,Trial Started
232,u000525,2024-03-24 04:00:00,78.23,Paid Signup
233,u000564,2024-03-31 11:00:00,45.53,Paid Signup
234,u000418,2024-10-04 21:00:00,76.03,Upsell
235,u000418,2024-09-15 20:00:00,124.17,Paid Signup
236,u000336,2024-10-27 13:00:00,115.1,Upsell
237,u001052,2024-07-13 07:00:00,90.46,Trial Started
238,u000387,2024-04-29 08:00:00,102.82,Trial Started
239,u000387,2024-04-24 23:00:00,58.95,Upsell
240,u001028,2024-06-05 09:00:00,65.25,Paid Signup
241,u001671,2024-06-09 07:00:00,41.56,Upsell
242,u000717,2024-06-13 18:00:00,80.45,Trial Started
243,u000912,2024-08-27 11:00:00,168.26,Trial Started
244,u001060,2024-08-03 10:00:00,80.15,Upsell
245,u001079,2024-07-02 19:00:00,77.42,Trial Started
246,u001079,2024-02-22 15:00:00,107.48,Upsell
247,u001499,2024-05-25 01:00:00,93.06,Trial Started
248,u001499,2024-08-17 13:00:00,85.36,Paid Signup
249,u000764,2024-05-12 10:00:00,77.59,Trial Started
250,u000742,2024-07-29 03:00:00,26.4,Upsell
251,u000477,2024-07-20 00:00:00,44.72,Paid Signup
252,u000477,2024-10-13 13:00:00,65.56,Trial Started
253,u000051,2024-06-09 01:00:00,89.59,Paid Signup
254,u000051,2024-12-01 05:00:00,39.89,Upsell
255,u000990,2024-11-30 23:00:00,71.4,Trial Started
256,u000101,2024-08-02 21:00:00,102.46,Trial Started
257,u000862,2024-07-03 19:00:00,111.28,Upsell
258,u000092,2024-06-09 23:00:00,64.09,Paid Signup
259,u000092,2024-03-17 17:00:00,34.5,Upsell
260,u000841,2024-12-15 03:00:00,40.19,Paid Signup
261,u000841,2024-06-02 18:00:00,48.24,Trial Started
262,u000932,2024-07-18 16:00:00,59.8,Upsell
263,u000505,2024-02-02 04:00:00,45.11,Paid Signup
264,u000505,2024-03-12 11:00:00,90.4,Trial Started
265,u001399,2024-07-29 12:00:00,59.14,Paid Signup
266,u001399,2024-08-17 08:00:00,53.39,Upsell
267,u000713,2024-06-11 14:00:00,95.72,Trial Started
268,u000520,2024-05-24 17:00:00,58.26,Trial Started
269,u001225,2024-03-01 00:00:00,101.51,Upsell
270,u000538,2024-02-09 18:00:00,171.75,Upsell
271,u000610,2024-04-27 07:00:00,66.75,Trial Started
272,u000889,2024-02-13 20:00:00,41.21,Upsell
273,u000803,2024-11-06 15:00:00,98.55,Paid Signup
274,u000803,2024-10-23 17:00:00,98.07,Trial Started
275,u001262,2024-12-30 03:00:00,106.97,Trial Started
276,u001074,2024-08-10 17:00:00,49.07,Trial Started
277,u001074,2024-10-17 19:00:00,28.7,Trial Started
278,u000854,2024-10-25 12:00:00,68.34,Trial Started
279,u000317,2024-05-25 10:00:00,73.98,Paid Signup
280,u001529,2024-07-19 23:00:00,41.07,Trial Started
281,u000006,2024-12-13 05:00:00,49.1,Trial Started
282,u000006,2024-01-16 23:00:00,75.23,Upsell
283,u001245,2024-12-11 08:00:00,61.16,Upsell
284,u001502,2024-09-19 17:00:00,76.79,Paid Signup
285,u000192,2024-09-01 04:00:00,123.31,Trial Started
286,u000289,2024-06-08 21:00:00,55.57,Trial Started
287,u000436,2024-08-30 20:00:00,69.63,Paid Signup
288,u000436,2024-03-27 03:00:00,69.72,Upsell
289,u000156,2024-05-24 14:00:00,81.97,Trial Started
290,u000230,2024-10-29 19:00:00,34.86,Paid Signup
291,u001091,2024-08-29 07:00:00,103.52,Paid Signup
292,u000011,2024-02-20 08:00:00,156.08,Paid Signup
293,u000011,2024-12-27 19:00:00,81.77,Upsell
294,u001477,2024-07-17 04:00:00,73.38,Paid Signup
295,u001477,2024-04-20 09:00:00,48.38,Paid Signup
296,u001605,2024-06-21 04:00:00,71.2,Trial Started
297,u000596,2024-10-24 16:00:00,45.85,Paid Signup
298,u000827,2024-06-14 18:00:00,120.65,Trial Started
299,u000829,2024-11-11 01:00:00,64.82,Upsell
300,u001426,2024-01-02 14:00:00,229.81,Upsell
301,u001481,2024-01-09 08:00:00,69.93,Upsell
302,u001659,2024-09-06 18:00:00,62.85,Paid Signup
303,u000853,2024-01-23 06:00:00,116.27,Paid Signup
304,u000007,2024-08-24 00:00:00,65.34,Upsell
305,u001776,2024-09-18 19:00:00,90.25,Paid Signup
306,u001574,2024-07-14 09:00:00,54.01,Upsell
307,u001574,2024-05-19 15:00:00,94.97,Upsell
308,u001425,2024-10-11 02:00:00,95.46,Upsell
309,u000244,2024-05-08 19:00:00,49.56,Upsell
310,u000940,2024-10-05 10:00:00,139.37,Upsell
311,u000977,2024-04-24 06:00:00,98.09,Upsell
312,u000575,2024-07-17 20:00:00,62.64,Upsell
313,u001186,2024-06-23 02:00:00,76.23,Trial Started
314,u001186,2024-04-11 01:00:00,93.9,Trial Started
315,u001249,2024-12-01 20:00:00,58.84,Trial Started
316,u001765,2024-05-31 10:00:00,50.43,Upsell
317,u001691,2024-03-16 21:00:00,143.93,Upsell
318,u000733,2024-10-29 15:00:00,42.47,Trial Started
319,u000554,2024-03-21 08:00:00,61.9,Upsell
320,u001413,2024-10-17 05:00:00,141.6,Upsell
321,u000584,2024-07-27 20:00:00,115.86,Trial Started
322,u001748,2024-06-17 08:00:00,52.07,Trial Started
323,u000809,2024-06-06 20:00:00,91.54,Paid Signup
324,u000957,2024-03-31 02:00:00,43.85,Paid Signup
325,u001508,2024-03-25 09:00:00,101.73,Paid Signup
326,u000325,2024-04-24 05:00:00,71.54,Trial Started
327,u000466,2024-11-21 02:00:00,72.89,Paid Signup
328,u000137,2024-08-19 19:00:00,57.63,Trial Started
329,u000582,2024-08-03 12:00:00,57.2,Paid Signup
330,u000582,2024-05-10 05:00:00,114.09,Upsell
331,u001443,2024-04-10 11:00:00,75.95,Trial Started
332,u000999,2024-12-29 19:00:00,39.62,Upsell
333,u000135,2024-01-23 02:00:00,57.95,Trial Started
334,u000805,2024-09-21 03:00:00,65.37,Trial Started
335,u000644,2024-02-06 13:00:00,123.96,Trial Started
336,u000239,2024-10-27 10:00:00,77.03,Upsell
337,u000045,2024-03-03 04:00:00,55.05,Upsell
338,u001391,2024-01-24 17:00:00,89.66,Trial Started
339,u001770,2024-02-26 18:00:00,51.28,Trial Started
340,u001770,2024-06-07 18:00:00,26.74,Trial Started
341,u001322,2024-12-18 04:00:00,60.56,Trial Started
342,u000680,2024-09-28 18:00:00,64.17,Trial Started
343,u000316,2024-03-01 12:00:00,51.76,Paid Signup
344,u000118,2024-08-05 15:00:00,43.51,Paid Signup
345,u000855,2024-02-09 01:00:00,55.98,Paid Signup
346,u000636,2024-06-28 00:00:00,78.24,Trial Started
347,u001614,2024-02-01 04:00:00,78.19,Trial Started
348,u000675,2024-07-10 14:00:00,55.04,Trial Started
349,u001324,2024-01-11 05:00:00,36.94,Upsell
350,u000372,2024-10-22 03:00:00,98.75,Paid Signup
351,u000171,2024-11-03 01:00:00,47.81,Upsell
352,u000720,2024-03-12 17:00:00,68.71,Paid Signup
353,u000720,2024-07-13 16:00:00,63.66,Paid Signup
354,u000437,2024-08-16 12:00:00,42.24,Paid Signup
355,u000008,2024-04-21 19:00:00,52.98,Trial Started
356,u000774,2024-06-14 09:00:00,80.02,Trial Started
357,u000774,2024-08-18 10:00:00,62.26,Trial Started
358,u000269,2024-01-05 04:00:00,58.95,Paid Signup
359,u000484,2024-08-19 12:00:00,61.65,Paid Signup
360,u000484,2024-05-27 12:00:00,59.28,Trial Started
361,u000565,2024-11-15 00:00:00,90.71,Trial Started
362,u000626,2024-11-18 08:00:00,69.05,Paid Signup
363,u001086,2024-09-17 20:00:00,74.04,Upsell
364,u001086,2024-05-25 19:00:00,45.88,Trial Started
365,u000485,2024-06-09 13:00:00,56.59,Upsell
366,u001047,2024-08-24 14:00:00,57.93,Paid Signup
367,u001492,2024-04-26 20:00:00,83.35,Upsell
368,u000494,2024-11-15 08:00:00,104.4,Upsell
369,u001027,2024-01-02 02:00:00,90.3,Paid Signup
370,u001087,2024-07-02 19:00:00,148.83,Paid Signup
371,u001087,2024-07-20 08:00:00,91.72,Upsell
372,u001713,2024-07-05 08:00:00,58.58,Trial Started
373,u001713,2024-09-06 18:00:00,108.37,Upsell
374,u000857,2024-06-03 12:00:00,46.61,Paid Signup
375,u001282,2024-02-20 08:00:00,57.72,Upsell
376,u001736,2024-12-07 11:00:00,88.78,Trial Started
377,u001789,2024-12-14 20:00:00,73.67,Upsell
378,u001746,2024-02-15 11:00:00,59.74,Paid Signup
379,u001496,2024-02-13 23:00:00,73.4,Paid Signup
380,u001774,2024-07-09 23:00:00,62.84,Upsell
381,u001218,2024-10-16 04:00:00,145.47,Paid Signup
382,u001218,2024-01-11 03:00:00,78.56,Paid Signup
383,u000832,2024-10-13 23:00:00,77.27,Paid Signup
384,u000690,2024-06-01 09:00:00,103.42,Trial Started
385,u000740,2024-09-23 04:00:00,51.42,Upsell
386,u000740,2024-12-20 19:00:00,44.56,Trial Started
387,u000609,2024-04-15 17:00:00,109.02,Trial Started
388,u000595,2024-07-18 03:00:00,65.31,Paid Signup
389,u001226,2024-03-29 19:00:00,48.29,Trial Started
390,u001005,2024-10-07 18:00:00,85.42,Trial Started
391,u000748,2024-03-08 02:00:00,106.13,Upsell
392,u001283,2024-10-02 02:00:00,52.65,Trial Started
393,u001173,2024-02-16 05:00:00,86.4,Upsell
394,u001439,2024-03-17 09:00:00,136.42,Paid Signup
395,u001439,2024-09-10 17:00:00,42.67,Paid Signup
396,u000446,2024-07-14 07:00:00,41.81,Trial Started
397,u000446,2024-02-16 22:00:00,42.75,Upsell
398,u000985,2024-12-14 00:00:00,69.28,Upsell
399,u000474,2024-06-08 02:00:00,100.65,Trial Started
400,u000688,2024-07-10 09:00:00,193.82,Upsell
401,u000141,2024-08-31 17:00:00,52.92,Upsell
402,u001524,2024-12-17 03:00:00,39.5,Paid Signup
403,u000014,2024-06-24 08:00:00,41.4,Upsell
404,u001275,2024-07-06 16:00:00,37.77,Trial Started
405,u000322,2024-09-29 09:00:00,71.45,Paid Signup
406,u000347,2024-04-04 13:00:00,56.75,Trial Started
407,u001633,2024-05-19 14:00:00,92.88,Paid Signup
408,u001667,2024-10-04 17:00:00,63.67,Trial Started
409,u000236,2024-12-17 05:00:00,47.2,Paid Signup
410,u001533,2024-02-11 23:00:00,32.83,Upsell
411,u001452,2024-03-23 20:00:00,65.27,Upsell
412,u000444,2024-06-30 12:00:00,45.92,Paid Signup
413,u000444,2024-04-30 12:00:00,76.68,Upsell
414,u001672,2024-02-07 00:00:00,113.06,Trial Started
415,u000482,2024-06-05 09:00:00,79.87,Paid Signup
416,u001652,2024-06-13 17:00:00,73.74,Paid Signup
417,u001652,2024-04-20 17:00:00,65.57,Trial Started
418,u001156,2024-03-30 21:00:00,87.26,Trial Started
419,u000222,2024-05-10 01:00:00,82.73,Upsell
420,u001546,2024-12-17 18:00:00,64.32,Upsell
421,u000989,2024-10-30 09:00:00,56.42,Upsell
422,u000926,2024-02-23 03:00:00,124.86,Upsell
423,u001779,2024-06-17 15:00:00,170.59,Upsell
424,u000698,2024-10-03 21:00:00,84.07,Upsell
425,u001408,2024-03-28 14:00:00,63.29,Trial Started
426,u000349,2024-09-01 07:00:00,90.04,Trial Started
427,u000349,2024-07-11 19:00:00,83.44,Upsell
428,u001366,2024-07-20 01:00:00,130.0,Trial Started
429,u000778,2024-06-20 15:00:00,56.8,Upsell
430,u000778,2024-04-24 07:00:00,69.26,Paid Signup
431,u001192,2024-11-06 12:00:00,97.29,Paid Signup
432,u000077,2024-01-21 00:00:00,123.85,Trial Started
433,u000428,2024-02-13 02:00:00,82.72,Paid Signup
434,u001132,2024-07-15 02:00:00,33.18,Trial Started
435,u000288,2024-04-15 01:00:00,55.69,Upsell
436,u001710,2024-10-09 07:00:00,40.8,Trial Started
437,u001710,2024-07-26 17:00:00,76.51,Upsell
438,u001073,2024-02-13 09:00:00,21.11,Paid Signup
439,u001540,2024-01-06 22:00:00,70.09,Upsell
440,u001130,2024-01-21 21:00:00,58.08,Upsell
441,u001130,2024-12-02 21:00:00,58.87,Trial Started
442,u001538,2024-07-01 23:00:00,39.87,Upsell
443,u000293,2024-10-27 20:00:00,65.76,Upsell
444,u000057,2024-07-06 16:00:00,129.09,Paid Signup
445,u000547,2024-11-10 13:00:00,74.47,Paid Signup
446,u001518,2024-07-04 02:00:00,124.23,Trial Started
447,u000237,2024-01-07 15:00:00,98.88,Trial Started
448,u001117,2024-08-18 01:00:00,143.11,Upsell
449,u001117,2024-04-23 14:00:00,43.49,Paid Signup
450,u000271,2024-01-22 02:00:00,31.09,Upsell
451,u000330,2024-08-11 11:00:00,76.72,Trial Started
452,u000330,2024-06-04 15:00:00,70.68,Trial Started
453,u001478,2024-05-10 13:00:00,45.45,Paid Signup
454,u001008,2024-03-05 14:00:00,61.03,Upsell
455,u001437,2024-08-05 00:00:00,104.24,Paid Signup
456,u001437,2024-12-20 22:00:00,108.49,Paid Signup
457,u000965,2024-05-23 00:00:00,109.63,Trial Started
458,u000965,2024-01-26 14:00:00,72.97,Paid Signup
459,u000238,2024-10-16 20:00:00,58.2,Upsell
460,u000903,2024-02-02 23:00:00,62.62,Paid Signup
461,u001374,2024-12-28 21:00:00,67.6,Trial Started
462,u000167,2024-07-25 12:00:00,58.43,Upsell
463,u000005,2024-06-03 08:00:00,75.03,Upsell
464,u001272,2024-08-29 10:00:00,154.56,Trial Started
465,u000952,2024-06-29 12:00:00,53.0,Paid Signup
466,u001066,2024-08-15 01:00:00,61.33,Paid Signup
467,u000876,2024-01-10 11:00:00,37.5,Upsell
468,u000876,2024-10-21 03:00:00,56.15,Upsell
469,u001596,2024-07-18 04:00:00,72.71,Upsell
470,u000251,2024-09-09 23:00:00,68.65,Paid Signup
471,u001535,2024-10-23 08:00:00,45.94,Trial Started
472,u000082,2024-04-15 05:00:00,128.85,Upsell
473,u000824,2024-07-21 16:00:00,65.68,Upsell
474,u000900,2024-01-02 12:00:00,77.23,Paid Signup
475,u000676,2024-12-04 08:00:00,96.61,Trial Started
476,u000378,2024-08-08 14:00:00,87.76,Upsell
477,u000448,2024-11-29 08:00:00,37.54,Upsell
478,u000355,2024-02-14 15:00:00,82.72,Paid Signup
479,u000253,2024-06-29 18:00:00,79.56,Paid Signup
480,u001793,2024-06-23 21:00:00,67.45,Upsell
481,u001365,2024-03-22 23:00:00,86.08,Trial Started
482,u000530,2024-06-22 08:00:00,91.73,Trial Started
483,u000530,2024-04-07 11:00:00,58.64,Paid Signup
484,u000668,2024-01-03 00:00:00,47.25,Trial Started
485,u000668,2024-07-20 20:00:00,94.28,Paid Signup
486,u000858,2024-09-24 18:00:00,51.0,Trial Started
487,u000918,2024-01-29 00:00:00,146.59,Upsell
488,u000623,2024-12-20 01:00:00,61.26,Paid Signup
489,u000808,2024-10-09 13:00:00,82.8,Trial Started
490,u001037,2024-10-17 11:00:00,102.31,Paid Signup
491,u001037,2024-04-18 22:00:00,48.11,Upsell
492,u001599,2024-12-18 16:00:00,83.9,Upsell
493,u001474,2024-03-28 23:00:00,61.1,Trial Started
494,u001330,2024-03-31 05:00:00,41.21,Trial Started
495,u001330,2024-10-30 15:00:00,157.76,Trial Started
496,u001796,2024-12-25 16:00:00,36.51,Upsell
497,u000534,2024-04-10 15:00:00,57.29,Paid Signup
498,u000534,2024-05-21 10:00:00,71.02,Trial Started
499,u000046,2024-09-16 05:00:00,35.93,Upsell
500,u000054,2024-12-26 10:00:00,105.7,Upsell
501,u000767,2024-06-20 23:00:00,83.8,Upsell
502,u001795,2024-12-12 12:00:00,50.46,Upsell
503,u001724,2024-04-07 02:00:00,48.24,Trial Started
504,u000627,2024-08-24 02:00:00,118.29,Upsell
505,u000465,2024-10-08 02:00:00,70.13,Trial Started
506,u000749,2024-10-02 18:00:00,133.35,Paid Signup
507,u001351,2024-06-29 00:00:00,58.4,Upsell
508,u001351,2024-03-08 15:00:00,38.11,Upsell
509,u000605,2024-06-07 00:00:00,93.19,Paid Signup
510,u000491,2024-11-10 00:00:00,82.89,Paid Signup
511,u000491,2024-11-04 22:00:00,38.9,Upsell
512,u001255,2024-05-26 05:00:00,99.57,Paid Signup
513,u001360,2024-06-17 22:00:00,279.0,Paid Signup
514,u000422,2024-06-16 11:00:00,89.59,Trial Started
515,u000422,2024-07-09 19:00:00,89.14,Upsell
516,u000492,2024-02-07 19:00:00,51.13,Trial Started
517,u000492,2024-02-17 08:00:00,88.12,Paid Signup
518,u001658,2024-04-18 00:00:00,81.59,Upsell
519,u000059,2024-04-17 12:00:00,101.3,Trial Started
520,u001458,2024-05-01 10:00:00,105.89,Upsell
521,u001458,2024-10-05 09:00:00,89.06,Paid Signup
522,u001177,2024-03-08 20:00:00,136.75,Trial Started
523,u001327,2024-05-29 07:00:00,38.03,Upsell
524,u001138,2024-12-04 21:00:00,67.67,Upsell
525,u001138,2024-03-28 18:00:00,50.24,Trial Started
526,u001560,2024-08-12 13:00:00,39.47,Paid Signup
527,u000777,2024-09-19 07:00:00,98.05,Upsell
528,u000157,2024-07-18 03:00:00,71.36,Paid Signup
529,u001092,2024-11-25 16:00:00,59.78,Upsell
530,u001092,2024-06-20 12:00:00,119.32,Upsell
531,u001729,2024-02-03 05:00:00,158.43,Paid Signup
532,u000224,2024-07-30 13:00:00,110.93,Paid Signup
533,u001133,2024-07-22 17:00:00,69.56,Trial Started
534,u000591,2024-08-19 05:00:00,43.9,Upsell
535,u001695,2024-04-16 01:00:00,41.12,Trial Started
536,u000476,2024-02-17 13:00:00,81.84,Upsell
537,u001347,2024-04-13 18:00:00,34.35,Paid Signup
538,u001701,2024-11-17 08:00:00,94.27,Trial Started
539,u001029,2024-02-02 04:00:00,90.35,Upsell
540,u000286,2024-05-02 12:00:00,37.24,Trial Started
541,u001661,2024-12-10 12:00:00,95.31,Trial Started
542,u001661,2024-03-23 04:00:00,49.97,Trial Started
543,u000927,2024-10-19 02:00:00,60.0,Paid Signup
544,u000201,2024-06-11 17:00:00,56.85,Paid Signup
545,u000683,2024-10-27 22:00:00,38.4,Paid Signup
546,u000620,2024-03-06 21:00:00,86.55,Upsell
547,u000737,2024-04-18 17:00:00,34.36,Upsell
548,u000146,2024-08-08 21:00:00,49.89,Trial Started
549,u000146,2024-04-07 17:00:00,29.93,Trial Started
550,u001740,2024-06-04 15:00:00,32.66,Trial Started
551,u001004,2024-04-23 13:00:00,52.0,Upsell
552,u001004,2024-11-29 22:00:00,138.06,Upsell
553,u001647,2024-05-11 11:00:00,113.17,Upsell
554,u001468,2024-01-14 10:00:00,80.67,Trial Started
555,u000685,2024-06-24 23:00:00,72.01,Trial Started
556,u000980,2024-06-19 12:00:00,62.37,Paid Signup
557,u000177,2024-10-15 14:00:00,142.37,Paid Signup
558,u001208,2024-07-31 06:00:00,43.57,Trial Started
559,u001229,2024-06-16 16:00:00,84.98,Trial Started
560,u001229,2024-01-12 21:00:00,133.0,Trial Started
561,u000527,2024-06-13 05:00:00,37.36,Upsell
562,u001576,2024-03-06 10:00:00,49.62,Trial Started
563,u001576,2024-10-27 16:00:00,71.33,Upsell
564,u000968,2024-04-18 19:00:00,60.54,Upsell
565,u000110,2024-04-29 01:00:00,46.09,Trial Started
566,u000362,2024-12-05 09:00:00,59.03,Upsell
567,u001011,2024-04-26 07:00:00,80.76,Upsell
568,u000301,2024-04-02 18:00:00,78.79,Paid Signup
569,u001367,2024-10-19 10:00:00,82.42,Trial Started
570,u001367,2024-09-27 14:00:00,24.58,Upsell
571,u001744,2024-01-04 20:00:00,127.23,Trial Started
572,u001616,2024-04-19 06:00:00,68.45,Trial Started
573,u000558,2024-10-14 20:00:00,104.03,Upsell
574,u000558,2024-01-08 18:00:00,73.16,Upsell
575,u000449,2024-03-14 08:00:00,76.84,Trial Started
576,u000911,2024-08-23 08:00:00,78.3,Trial Started
577,u001118,2024-06-27 19:00:00,75.51,Upsell
578,u001728,2024-05-10 12:00:00,54.98,Upsell
579,u001016,2024-08-08 10:00:00,72.02,Trial Started
580,u000734,2024-11-05 22:00:00,48.54,Trial Started
581,u001632,2024-05-05 08:00:00,76.91,Paid Signup
582,u001632,2024-07-01 05:00:00,126.07,Paid Signup
583,u001561,2024-05-03 05:00:00,69.66,Paid Signup
584,u000039,2024-01-15 11:00:00,65.22,Upsell
585,u000039,2024-06-29 00:00:00,113.58,Trial Started
586,u001584,2024-02-29 18:00:00,124.74,Paid Signup
587,u000807,2024-08-28 18:00:00,79.16,Paid Signup
588,u001743,2024-03-16 22:00:00,55.59,Trial Started
589,u000923,2024-10-19 05:00:00,81.91,Upsell
590,u000030,2024-10-15 23:00:00,47.4,Upsell
591,u001553,2024-04-09 13:00:00,52.16,Upsell
592,u001516,2024-06-12 20:00:00,45.46,Trial Started
593,u001438,2024-06-04 03:00:00,51.14,Paid Signup
594,u001306,2024-10-22 21:00:00,89.33,Trial Started
595,u001000,2024-06-02 11:00:00,77.79,Paid Signup
596,u001000,2024-10-24 23:00:00,56.91,Paid Signup
597,u000460,2024-07-06 13:00:00,62.3,Trial Started
598,u000966,2024-08-06 10:00:00,131.23,Trial Started
599,u000629,2024-10-05 00:00:00,49.8,Upsell
600,u000629,2024-10-28 21:00:00,89.49,Paid Signup
601,u001415,2024-07-17 04:00:00,80.3,Trial Started
602,u001131,2024-06-27 13:00:00,61.29,Paid Signup
603,u001131,2024-12-14 18:00:00,42.75,Trial Started
604,u001178,2024-04-22 13:00:00,89.3,Paid Signup
605,u000343,2024-06-06 13:00:00,185.24,Trial Started
606,u000343,2024-12-05 18:00:00,50.02,Upsell
607,u001530,2024-11-08 13:00:00,80.28,Trial Started
608,u001741,2024-02-13 17:00:00,49.24,Trial Started
609,u001741,2024-03-29 13:00:00,47.32,Trial Started
610,u000755,2024-10-24 03:00:00,83.1,Upsell
611,u000645,2024-04-21 00:00:00,61.48,Paid Signup
612,u000148,2024-06-15 19:00:00,44.95,Upsell
613,u000148,2024-12-25 20:00:00,58.4,Upsell
614,u000174,2024-12-16 22:00:00,34.7,Upsell
615,u000174,2024-01-13 06:00:00,78.73,Trial Started
616,u000961,2024-08-22 19:00:00,95.7,Trial Started
617,u000360,2024-12-26 19:00:00,63.97,Paid Signup
618,u000510,2024-11-05 11:00:00,54.97,Paid Signup
619,u001204,2024-12-04 05:00:00,40.53,Trial Started
620,u001150,2024-09-12 17:00:00,101.57,Paid Signup
621,u000395,2024-05-02 19:00:00,103.41,Trial Started
622,u000843,2024-08-30 23:00:00,89.77,Paid Signup
623,u000843,2024-08-17 08:00:00,89.98,Upsell
624,u001799,2024-08-03 01:00:00,66.98,Trial Started
625,u000447,2024-09-22 02:00:00,53.61,Trial Started
626,u001202,2024-04-01 12:00:00,43.19,Trial Started
627,u000056,2024-03-04 18:00:00,93.49,Upsell
628,u001400,2024-11-26 02:00:00,58.15,Trial Started
629,u001797,2024-07-31 06:00:00,42.29,Trial Started
630,u000041,2024-04-29 10:00:00,78.31,Upsell
631,u000107,2024-11-11 02:00:00,48.44,Upsell
632,u000622,2024-07-27 01:00:00,75.72,Upsell
633,u000618,2024-06-20 12:00:00,74.33,Paid Signup
634,u001240,2024-11-10 04:00:00,62.21,Upsell
635,u000374,2024-09-29 03:00:00,95.18,Paid Signup
636,u000318,2024-04-25 02:00:00,99.81,Upsell
637,u000956,2024-10-21 23:00:00,139.1,Upsell
638,u001634,2024-06-07 05:00:00,60.33,Paid Signup
639,u000207,2024-07-02 07:00:00,103.02,Trial Started
640,u000592,2024-05-15 04:00:00,60.85,Trial Started
641,u000800,2024-09-12 13:00:00,107.03,Paid Signup
642,u000331,2024-02-20 23:00:00,129.82,Paid Signup
643,u000126,2024-07-28 12:00:00,55.57,Upsell
644,u001166,2024-10-02 20:00:00,73.66,Trial Started
645,u000180,2024-11-04 17:00:00,66.88,Paid Signup
646,u000979,2024-02-17 23:00:00,45.63,Paid Signup
647,u000979,2024-07-14 05:00:00,68.38,Paid Signup
648,u000364,2024-05-18 14:00:00,65.65,Trial Started
649,u000364,2024-07-20 17:00:00,129.84,Paid Signup
650,u001525,2024-10-24 06:00:00,73.02,Paid Signup
651,u001525,2024-01-19 12:00:00,111.47,Trial Started
652,u000719,2024-08-20 08:00:00,61.62,Paid Signup
653,u000204,2024-07-17 07:00:00,39.37,Trial Started
654,u001281,2024-12-29 04:00:00,109.13,Trial Started
655,u000260,2024-10-30 07:00:00,116.26,Upsell
656,u001286,2024-01-18 07:00:00,47.53,Trial Started
657,u000816,2024-01-22 01:00:00,89.16,Upsell
658,u000235,2024-12-17 23:00:00,71.82,Trial Started
659,u000235,2024-03-17 23:00:00,107.08,Trial Started
660,u001289,2024-05-25 07:00:00,43.48,Paid Signup
661,u001431,2024-12-03 11:00:00,37.49,Upsell
662,u000333,2024-09-17 00:00:00,34.06,Trial Started
663,u000333,2024-11-12 04:00:00,73.81,Upsell
664,u000426,2024-09-17 21:00:00,70.87,Upsell
665,u000495,2024-05-14 14:00:00,79.55,Upsell
666,u001457,2024-04-26 12:00:00,57.55,Paid Signup
667,u001457,2024-02-20 08:00:00,53.39,Upsell
668,u001498,2024-11-08 12:00:00,98.35,Upsell
669,u000252,2024-12-21 07:00:00,51.61,Trial Started
670,u001700,2024-06-02 22:00:00,67.87,Paid Signup
671,u001700,2024-07-20 13:00:00,68.08,Paid Signup
672,u001676,2024-11-27 08:00:00,55.39,Trial Started
673,u001676,2024-03-25 19:00:00,88.52,Trial Started
674,u001191,2024-09-09 07:00:00,89.84,Paid Signup
675,u001381,2024-07-07 12:00:00,57.32,Upsell
676,u001381,2024-11-20 17:00:00,63.25,Upsell
677,u000423,2024-04-17 21:00:00,49.69,Paid Signup
678,u001030,2024-10-02 19:00:00,77.39,Upsell
679,u001030,2024-01-18 07:00:00,62.69,Paid Signup
680,u001489,2024-08-23 13:00:00,45.07,Trial Started
681,u000529,2024-12-13 13:00:00,59.62,Upsell
682,u001623,2024-04-24 22:00:00,117.63,Upsell
683,u000585,2024-09-18 11:00:00,108.09,Trial Started
684,u000600,2024-04-28 12:00:00,62.03,Trial Started
685,u001142,2024-07-14 11:00:00,96.22,Paid Signup
686,u000450,2024-11-07 01:00:00,39.56,Paid Signup
687,u001211,2024-10-22 16:00:00,50.2,Paid Signup
688,u000695,2024-09-18 21:00:00,95.15,Paid Signup
689,u000695,2024-12-03 04:00:00,54.32,Trial Started
690,u001686,2024-11-25 01:00:00,46.45,Upsell
691,u001455,2024-04-01 21:00:00,173.04,Trial Started
692,u001455,2024-01-02 12:00:00,28.15,Upsell
693,u001313,2024-01-03 15:00:00,84.53,Trial Started
694,u001313,2024-10-27 16:00:00,54.65,Trial Started
695,u000611,2024-05-16 13:00:00,138.18,Trial Started
696,u000315,2024-10-03 17:00:00,63.23,Paid Signup
697,u000499,2024-05-02 06:00:00,53.94,Trial Started
698,u000338,2024-11-26 12:00:00,65.53,Paid Signup
699,u000991,2024-10-09 18:00:00,55.55,Trial Started
700,u000150,2024-03-01 19:00:00,94.54,Paid Signup
701,u001709,2024-01-18 12:00:00,128.66,Trial Started
702,u001696,2024-07-15 23:00:00,56.37,Upsell
703,u000431,2024-11-29 17:00:00,99.27,Upsell
704,u000009,2024-06-27 21:00:00,48.07,Paid Signup
705,u001626,2024-03-27 02:00:00,56.3,Paid Signup
706,u001110,2024-11-28 14:00:00,71.48,Upsell
707,u001110,2024-05-04 23:00:00,42.65,Upsell
708,u001733,2024-11-25 16:00:00,45.18,Trial Started
709,u000974,2024-10-12 07:00:00,38.19,Upsell
710,u000121,2024-04-13 14:00:00,68.09,Upsell
711,u000121,2024-12-09 10:00:00,102.13,Trial Started
712,u000065,2024-05-04 06:00:00,97.89,Upsell
713,u000065,2024-10-06 15:00:00,165.59,Upsell
714,u000191,2024-04-14 14:00:00,69.28,Trial Started
715,u000191,2024-07-13 12:00:00,62.85,Upsell
716,u000248,2024-05-12 11:00:00,147.51,Upsell
717,u000086,2024-03-24 19:00:00,40.22,Paid Signup
718,u001355,2024-10-11 19:00:00,40.34,Upsell
719,u000198,2024-08-10 21:00:00,55.91,Paid Signup
720,u000042,2024-11-09 23:00:00,54.2,Trial Started
721,u000153,2024-02-25 14:00:00,89.57,Paid Signup
722,u000368,2024-08-27 01:00:00,45.93,Upsell
723,u000412,2024-09-30 11:00:00,53.48,Trial Started
724,u001113,2024-07-23 21:00:00,79.84,Paid Signup
725,u001273,2024-02-10 23:00:00,27.93,Upsell
726,u000519,2024-01-12 03:00:00,60.55,Paid Signup
727,u000205,2024-05-29 02:00:00,49.01,Trial Started
728,u000702,2024-06-07 16:00:00,105.28,Paid Signup
729,u000822,2024-03-17 21:00:00,70.18,Paid Signup
730,u000357,2024-04-28 23:00:00,43.21,Upsell
731,u001145,2024-06-14 13:00:00,52.5,Trial Started
732,u000151,2024-08-21 10:00:00,63.85,Upsell
733,u000897,2024-06-10 13:00:00,87.95,Paid Signup
734,u000796,2024-08-09 01:00:00,122.66,Upsell
735,u000958,2024-04-19 20:00:00,60.6,Paid Signup
736,u000064,2024-10-14 10:00:00,46.8,Trial Started
737,u001495,2024-01-20 15:00:00,62.98,Upsell
738,u001164,2024-12-21 20:00:00,103.61,Trial Started
739,u001666,2024-05-19 12:00:00,72.49,Trial Started
740,u001318,2024-09-04 22:00:00,48.08,Upsell
741,u001318,2024-02-10 13:00:00,59.29,Paid Signup
742,u000363,2024-08-04 23:00:00,71.14,Upsell
743,u000363,2024-08-06 08:00:00,85.1,Upsell
744,u000168,2024-08-27 01:00:00,80.75,Trial Started
745,u000870,2024-07-23 04:00:00,143.05,Paid Signup
746,u001009,2024-07-23 03:00:00,42.17,Trial Started
747,u001267,2024-12-27 09:00:00,70.65,Upsell
748,u001267,2024-08-15 03:00:00,78.76,Trial Started
749,u000938,2024-11-01 15:00:00,54.66,Paid Signup
750,u000938,2024-11-30 23:00:00,64.35,Paid Signup
751,u000112,2024-05-13 11:00:00,55.93,Paid Signup
752,u000112,2024-01-29 05:00:00,48.98,Trial Started
753,u000722,2024-12-24 08:00:00,143.56,Trial Started
754,u000311,2024-10-18 22:00:00,73.26,Paid Signup
755,u000825,2024-01-08 20:00:00,53.54,Paid Signup
756,u001435,2024-04-16 18:00:00,65.62,Trial Started
757,u001663,2024-02-11 19:00:00,73.5,Upsell
758,u001663,2024-01-21 10:00:00,110.21,Upsell
759,u001189,2024-11-22 23:00:00,88.22,Trial Started
760,u000577,2024-02-07 18:00:00,52.16,Trial Started
761,u000577,2024-03-07 01:00:00,61.2,Upsell
762,u000305,2024-09-30 07:00:00,30.78,Paid Signup
763,u000419,2024-08-10 13:00:00,103.16,Trial Started
764,u000419,2024-11-07 09:00:00,53.94,Trial Started
765,u000699,2024-10-15 19:00:00,60.71,Paid Signup
766,u001526,2024-02-06 17:00:00,110.14,Trial Started
767,u001109,2024-10-08 08:00:00,70.04,Upsell
768,u001109,2024-10-26 10:00:00,41.59,Trial Started
769,u001221,2024-07-01 05:00:00,93.82,Trial Started
770,u000319,2024-11-23 13:00:00,140.73,Upsell
771,u000782,2024-09-04 09:00:00,47.57,Trial Started
772,u001550,2024-12-15 09:00:00,67.15,Paid Signup
773,u001550,2024-08-21 09:00:00,117.61,Paid Signup
774,u001684,2024-03-26 07:00:00,68.03,Trial Started
775,u001046,2024-01-11 01:00:00,22.3,Paid Signup
776,u001775,2024-02-16 13:00:00,80.47,Upsell
777,u001775,2024-03-20 13:00:00,70.38,Upsell
778,u001589,2024-10-18 18:00:00,48.9,Trial Started
779,u001427,2024-11-11 18:00:00,61.29,Paid Signup
780,u000320,2024-09-30 10:00:00,49.84,Paid Signup
781,u000320,2024-03-16 06:00:00,51.2,Trial Started
782,u000694,2024-02-04 09:00:00,68.36,Trial Started
783,u000694,2024-03-10 05:00:00,74.7,Trial Started
784,u001563,2024-09-20 01:00:00,99.89,Trial Started
785,u001563,2024-01-16 02:00:00,93.51,Upsell
786,u000686,2024-04-19 20:00:00,139.17,Upsell
787,u000686,2024-10-19 14:00:00,119.69,Trial Started
788,u000303,2024-07-18 14:00:00,91.53,Trial Started
789,u001270,2024-03-21 01:00:00,109.07,Paid Signup
790,u001270,2024-02-12 17:00:00,64.17,Trial Started
791,u000404,2024-01-15 02:00:00,105.82,Upsell
792,u001631,2024-03-26 16:00:00,47.75,Paid Signup
793,u000166,2024-08-22 04:00:00,63.85,Upsell
794,u000050,2024-03-22 20:00:00,79.06,Trial Started
795,u001315,2024-12-25 23:00:00,124.38,Paid Signup
796,u000158,2024-05-14 14:00:00,42.39,Trial Started
797,u000158,2024-01-12 09:00:00,69.08,Trial Started
798,u001394,2024-11-23 12:00:00,109.78,Trial Started
799,u000154,2024-01-18 16:00:00,76.84,Upsell
800,u000885,2024-04-02 16:00:00,43.98,Paid Signup
801,u001794,2024-05-28 21:00:00,55.87,Trial Started
802,u001794,2024-02-19 18:00:00,78.9,Paid Signup
803,u001062,2024-09-09 16:00:00,52.81,Upsell
804,u000935,2024-06-21 03:00:00,54.36,Trial Started
805,u000935,2024-02-07 05:00:00,61.7,Trial Started
806,u000550,2024-08-05 05:00:00,27.44,Trial Started
807,u000550,2024-06-15 10:00:00,32.51,Trial Started
808,u001042,2024-06-11 07:00:00,76.57,Trial Started
809,u001042,2024-02-11 08:00:00,76.77,Upsell
810,u001331,2024-04-14 18:00:00,79.78,Paid Signup
811,u001331,2024-02-20 21:00:00,46.38,Upsell
812,u000131,2024-09-20 17:00:00,82.13,Upsell
813,u000066,2024-06-17 02:00:00,86.92,Paid Signup
814,u001224,2024-08-17 12:00:00,126.05,Upsell
815,u000369,2024-02-15 19:00:00,78.31,Upsell
816,u001319,2024-06-13 00:00:00,55.58,Trial Started
817,u001707,2024-04-18 07:00:00,45.6,Trial Started
818,u000787,2024-10-17 04:00:00,85.28,Upsell
819,u001147,2024-04-05 11:00:00,41.79,Trial Started
820,u001414,2024-04-14 18:00:00,19.97,Paid Signup
821,u001501,2024-09-29 19:00:00,76.53,Upsell
822,u001041,2024-06-01 17:00:00,125.14,Paid Signup
823,u001041,2024-07-09 01:00:00,97.6,Paid Signup
824,u001362,2024-04-23 08:00:00,66.26,Paid Signup
825,u001362,2024-12-12 06:00:00,33.7,Upsell
826,u000549,2024-08-28 12:00:00,37.52,Upsell
827,u000345,2024-11-07 20:00:00,67.81,Trial Started
828,u000345,2024-04-05 02:00:00,83.41,Upsell
829,u001655,2024-03-04 06:00:00,49.61,Paid Signup
830,u000179,2024-11-13 18:00:00,56.29,Upsell
831,u000545,2024-09-18 05:00:00,99.33,Paid Signup
832,u000770,2024-11-22 00:00:00,84.73,Trial Started
833,u001268,2024-12-13 03:00:00,67.75,Paid Signup
834,u000981,2024-09-23 05:00:00,35.24,Paid Signup
835,u000259,2024-12-28 14:00:00,83.73,Trial Started
836,u001688,2024-11-01 13:00:00,84.59,Upsell
837,u001688,2024-12-06 03:00:00,75.31,Trial Started
838,u001098,2024-02-17 21:00:00,105.44,Trial Started
839,u001098,2024-09-25 01:00:00,65.69,Upsell
840,u001100,2024-11-27 17:00:00,119.85,Upsell
841,u001507,2024-04-21 10:00:00,149.53,Paid Signup
842,u000401,2024-09-20 18:00:00,85.0,Paid Signup
843,u001022,2024-09-03 23:00:00,181.34,Upsell
844,u001619,2024-12-05 10:00:00,93.71,Upsell
845,u001619,2024-08-06 17:00:00,69.19,Trial Started
846,u001569,2024-07-21 21:00:00,44.21,Upsell
847,u001033,2024-06-11 12:00:00,77.16,Trial Started
848,u001786,2024-11-23 00:00:00,78.58,Trial Started
849,u001567,2024-12-04 14:00:00,56.29,Paid Signup
850,u001567,2024-11-20 21:00:00,56.69,Upsell
851,u000696,2024-03-12 00:00:00,95.02,Trial Started
852,u000696,2024-11-26 11:00:00,144.33,Trial Started
853,u001195,2024-07-14 04:00:00,42.94,Paid Signup
854,u001195,2024-02-29 18:00:00,34.79,Trial Started
855,u000391,2024-05-07 13:00:00,178.53,Paid Signup
856,u000249,2024-07-17 18:00:00,49.07,Paid Signup
857,u000249,2024-05-05 11:00:00,79.16,Paid Signup
858,u001497,2024-01-10 09:00:00,53.31,Paid Signup
859,u001512,2024-02-13 12:00:00,77.83,Trial Started
860,u000790,2024-12-19 22:00:00,52.45,Trial Started
861,u000780,2024-12-03 08:00:00,61.98,Trial Started
862,u001433,2024-05-16 21:00:00,148.33,Upsell
863,u000012,2024-03-28 10:00:00,72.21,Paid Signup
864,u001514,2024-09-23 13:00:00,156.91,Upsell
865,u000019,2024-03-01 07:00:00,51.41,Trial Started
866,u000019,2024-01-11 07:00:00,78.3,Paid Signup
867,u001159,2024-04-26 00:00:00,34.35,Upsell
868,u000727,2024-03-19 11:00:00,56.4,Trial Started
869,u001228,2024-10-30 02:00:00,48.49,Paid Signup
870,u001228,2024-09-28 07:00:00,66.43,Upsell
871,u001114,2024-11-11 16:00:00,47.65,Paid Signup
872,u001451,2024-12-16 23:00:00,35.08,Paid Signup
873,u001451,2024-02-20 05:00:00,65.06,Trial Started
874,u001044,2024-09-28 13:00:00,38.29,Paid Signup
875,u001018,2024-11-04 22:00:00,93.38,Trial Started
876,u001721,2024-07-26 02:00:00,77.36,Trial Started
877,u001120,2024-05-05 09:00:00,53.56,Upsell
878,u000160,2024-05-18 05:00:00,84.53,Upsell
879,u000160,2024-02-24 23:00:00,81.37,Trial Started
880,u000278,2024-11-26 20:00:00,69.55,Upsell
881,u000647,2024-04-04 15:00:00,42.58,Paid Signup
882,u001371,2024-12-21 18:00:00,80.93,Upsell
883,u000302,2024-07-26 12:00:00,51.43,Trial Started
884,u001755,2024-05-02 23:00:00,43.04,Paid Signup
885,u001015,2024-08-12 19:00:00,45.35,Upsell
886,u001332,2024-06-13 09:00:00,82.98,Upsell
887,u000631,2024-08-28 15:00:00,40.75,Upsell
888,u000164,2024-06-17 12:00:00,127.05,Upsell
889,u000175,2024-01-04 00:00:00,68.24,Upsell
890,u001575,2024-12-03 03:00:00,70.04,Trial Started
891,u000165,2024-07-19 21:00:00,42.84,Upsell
892,u000901,2024-04-29 06:00:00,147.21,Paid Signup
893,u000335,2024-03-29 06:00:00,43.7,Upsell
894,u000664,2024-12-13 18:00:00,87.37,Trial Started
895,u000396,2024-08-07 16:00:00,51.59,Paid Signup
896,u000427,2024-02-05 06:00:00,40.48,Paid Signup
897,u000736,2024-03-19 19:00:00,77.52,Paid Signup
898,u001485,2024-03-16 21:00:00,72.4,Trial Started
899,u000365,2024-05-16 10:00:00,71.05,Upsell
900,u000468,2024-01-20 07:00:00,58.79,Trial Started
901,u000669,2024-12-26 19:00:00,96.63,Trial Started
902,u000630,2024-01-16 19:00:00,32.39,Paid Signup
903,u001586,2024-05-25 13:00:00,43.58,Upsell
904,u001335,2024-04-05 20:00:00,97.2,Trial Started
905,u001003,2024-04-15 15:00:00,36.91,Trial Started
906,u001072,2024-07-28 18:00:00,170.58,Paid Signup
907,u000528,2024-06-28 05:00:00,106.31,Trial Started
908,u001386,2024-01-13 15:00:00,68.82,Trial Started
909,u001386,2024-06-23 19:00:00,73.98,Paid Signup
910,u001752,2024-07-25 06:00:00,154.37,Trial Started
911,u001752,2024-11-13 11:00:00,42.28,Upsell
912,u000068,2024-05-28 16:00:00,51.56,Paid Signup
913,u001070,2024-06-01 10:00:00,46.99,Trial Started
914,u000389,2024-10-23 11:00:00,59.9,Upsell
915,u000389,2024-02-06 21:00:00,117.79,Paid Signup
916,u001699,2024-08-29 05:00:00,48.38,Upsell
917,u000593,2024-03-22 08:00:00,72.26,Upsell
918,u000880,2024-12-06 18:00:00,111.93,Trial Started
919,u000880,2024-12-14 08:00:00,73.14,Trial Started
920,u000996,2024-09-13 10:00:00,56.82,Trial Started
921,u000884,2024-10-21 14:00:00,42.6,Trial Started
922,u000700,2024-03-25 03:00:00,61.52,Paid Signup
923,u001187,2024-04-12 18:00:00,83.45,Paid Signup
924,u001187,2024-07-01 17:00:00,53.11,Trial Started
925,u001108,2024-03-23 17:00:00,59.11,Upsell
926,u000710,2024-09-26 14:00:00,63.57,Paid Signup
927,u001785,2024-04-11 16:00:00,77.74,Upsell
928,u001715,2024-12-06 23:00:00,50.27,Trial Started
929,u001045,2024-11-29 05:00:00,98.9,Upsell
930,u001017,2024-01-02 08:00:00,57.46,Paid Signup
931,u001288,2024-10-17 23:00:00,169.08,Upsell
932,u001089,2024-07-28 06:00:00,88.65,Upsell
933,u001025,2024-03-27 19:00:00,81.12,Paid Signup
934,u001532,2024-11-29 04:00:00,78.19,Upsell
935,u000385,2024-02-13 19:00:00,103.31,Trial Started
936,u000385,2024-09-17 19:00:00,63.66,Paid Signup
937,u000455,2024-04-11 00:00:00,39.81,Paid Signup
938,u000078,2024-02-21 08:00:00,126.49,Trial Started
939,u000640,2024-11-27 17:00:00,59.53,Paid Signup
940,u001116,2024-05-07 18:00:00,90.63,Trial Started
941,u001473,2024-09-08 19:00:00,67.8,Upsell
942,u001397,2024-09-19 22:00:00,108.06,Trial Started
943,u001753,2024-09-29 10:00:00,45.72,Upsell
944,u000429,2024-07-15 16:00:00,34.96,Trial Started
945,u001737,2024-10-13 06:00:00,53.97,Paid Signup
946,u001737,2024-11-30 21:00:00,60.53,Paid Signup
947,u000275,2024-08-12 10:00:00,56.49,Trial Started
948,u000275,2024-07-22 05:00:00,106.39,Upsell
949,u001420,2024-01-08 23:00:00,57.07,Upsell
950,u000954,2024-07-29 07:00:00,59.93,Trial Started
951,u000475,2024-12-02 22:00:00,65.83,Paid Signup
952,u001222,2024-11-17 07:00:00,58.83,Trial Started
953,u001222,2024-02-28 01:00:00,94.67,Upsell
954,u000865,2024-10-25 05:00:00,125.95,Upsell
955,u001376,2024-11-06 06:00:00,103.74,Trial Started
956,u000949,2024-07-12 00:00:00,80.25,Upsell
957,u001264,2024-04-23 20:00:00,42.51,Upsell
958,u001112,2024-07-15 04:00:00,39.71,Trial Started
959,u000472,2024-01-28 17:00:00,88.36,Upsell
960,u000671,2024-01-09 22:00:00,72.16,Trial Started
961,u000744,2024-11-11 09:00:00,87.54,Upsell
962,u000744,2024-11-19 04:00:00,64.08,Trial Started
963,u000093,2024-04-01 23:00:00,101.52,Paid Signup
964,u000463,2024-03-05 07:00:00,74.15,Trial Started
965,u000070,2024-05-30 20:00:00,114.46,Trial Started
966,u000518,2024-04-04 08:00:00,44.1,Paid Signup
967,u001445,2024-03-03 18:00:00,75.09,Trial Started
968,u001370,2024-09-10 16:00:00,50.95,Upsell
969,u000642,2024-09-17 04:00:00,80.46,Upsell
970,u000642,2024-03-12 22:00:00,51.93,Paid Signup
971,u001674,2024-01-08 17:00:00,70.47,Trial Started
972,u001674,2024-10-23 07:00:00,71.75,Paid Signup
973,u000184,2024-12-03 16:00:00,41.15,Paid Signup
974,u001664,2024-05-09 17:00:00,48.62,Upsell
975,u001664,2024-09-30 05:00:00,90.75,Trial Started
976,u001353,2024-10-09 02:00:00,58.74,Upsell
977,u001334,2024-08-05 20:00:00,124.63,Paid Signup
978,u000638,2024-05-23 01:00:00,72.0,Paid Signup
979,u001657,2024-04-15 04:00:00,48.89,Trial Started
980,u001657,2024-08-31 21:00:00,74.25,Upsell
981,u000029,2024-12-27 06:00:00,116.79,Paid Signup
982,u000029,2024-03-16 14:00:00,53.08,Upsell
983,u000454,2024-08-04 14:00:00,86.37,Trial Started
984,u000454,2024-09-10 10:00:00,55.4,Paid Signup
985,u000026,2024-08-31 08:00:00,51.88,Paid Signup
986,u000539,2024-07-02 17:00:00,84.36,Trial Started
987,u001446,2024-08-02 10:00:00,48.45,Trial Started
988,u001343,2024-01-03 07:00:00,59.23,Paid Signup
989,u001338,2024-07-27 21:00:00,77.19,Upsell
990,u000566,2024-07-22 03:00:00,47.78,Upsell
991,u000566,2024-01-15 14:00:00,37.57,Trial Started
992,u001603,2024-01-27 12:00:00,49.53,Trial Started
993,u001277,2024-06-24 07:00:00,82.12,Upsell
994,u001277,2024-09-08 10:00:00,76.42,Trial Started
995,u001792,2024-07-15 21:00:00,78.91,Upsell
996,u000036,2024-08-04 17:00:00,125.9,Upsell
997,u000604,2024-06-06 10:00:00,33.1,Upsell
998,u001690,2024-09-24 11:00:00,59.97,Upsell
999,u000397,2024-07-20 07:00:00,50.53,Upsell
1000,u000873,2024-06-25 08:00:00,79.73,Paid Signup
1001,u001462,2024-03-14 21:00:00,84.12,Upsell
1002,u001545,2024-04-06 15:00:00,92.88,Paid Signup
1003,u000081,2024-12-09 09:00:00,97.21,Trial Started
1004,u001340,2024-09-19 02:00:00,82.62,Paid Signup
1005,u001340,2024-01-12 06:00:00,52.93,Trial Started
1006,u000212,2024-07-15 10:00:00,42.22,Trial Started
1007,u001581,2024-11-08 19:00:00,46.82,Paid Signup
1008,u000351,2024-11-21 02:00:00,107.27,Paid Signup
1009,u000856,2024-11-12 13:00:00,44.98,Upsell
1010,u000848,2024-05-18 11:00:00,61.11,Paid Signup
1011,u000848,2024-10-13 21:00:00,84.5,Paid Signup
1012,u001310,2024-04-03 11:00:00,64.41,Trial Started
1013,u001274,2024-06-13 11:00:00,102.16,Trial Started
1014,u001274,2024-05-04 01:00:00,143.41,Upsell
1015,u001339,2024-03-23 18:00:00,56.64,Upsell
1016,u001075,2024-05-03 20:00:00,83.41,Trial Started
1017,u001075,2024-08-18 04:00:00,80.19,Paid Signup
1018,u000478,2024-08-25 13:00:00,88.2,Upsell
1019,u001345,2024-03-21 12:00:00,68.84,Trial Started
1020,u001531,2024-07-06 07:00:00,117.09,Paid Signup
1021,u000987,2024-09-03 19:00:00,132.48,Paid Signup
1022,u001562,2024-06-20 14:00:00,64.04,Trial Started
1023,u001031,2024-08-27 01:00:00,68.14,Upsell
1024,u000095,2024-04-07 10:00:00,105.05,Trial Started
1025,u001064,2024-05-24 10:00:00,75.14,Paid Signup
1026,u001422,2024-02-21 13:00:00,75.64,Trial Started
1027,u001422,2024-10-31 10:00:00,46.46,Upsell
1028,u001665,2024-09-30 03:00:00,96.95,Trial Started
1029,u001665,2024-03-26 20:00:00,77.34,Paid Signup
1030,u001257,2024-10-20 21:00:00,46.52,Upsell
1031,u000712,2024-04-07 20:00:00,125.88,Paid Signup
1032,u000712,2024-01-13 08:00:00,102.28,Paid Signup
1033,u000452,2024-07-26 07:00:00,46.47,Paid Signup
1034,u000452,2024-03-16 17:00:00,94.36,Trial Started
1035,u001571,2024-06-19 05:00:00,57.08,Trial Started
1036,u000625,2024-05-23 15:00:00,128.95,Paid Signup
1037,u001716,2024-01-18 03:00:00,103.38,Trial Started
1038,u001155,2024-01-26 06:00:00,66.36,Upsell
1039,u000915,2024-08-06 07:00:00,138.66,Upsell
1040,u000915,2024-08-21 20:00:00,103.63,Upsell
1041,u001321,2024-04-21 16:00:00,67.62,Upsell
1042,u001321,2024-05-17 04:00:00,60.83,Trial Started
1043,u000536,2024-11-24 19:00:00,44.29,Trial Started
1044,u000199,2024-03-17 15:00:00,38.87,Paid Signup
1045,u001766,2024-01-20 09:00:00,64.13,Trial Started
1046,u001140,2024-08-04 01:00:00,56.77,Paid Signup
1047,u000113,2024-10-09 20:00:00,41.94,Trial Started
1048,u000750,2024-12-03 03:00:00,82.27,Paid Signup
1049,u001639,2024-11-30 23:00:00,45.05,Paid Signup
1050,u000718,2024-05-25 13:00:00,70.81,Upsell
1051,u001106,2024-08-24 23:00:00,46.94,Upsell
1052,u001106,2024-01-29 05:00:00,95.28,Trial Started
1053,u001511,2024-09-22 23:00:00,183.23,Trial Started
1054,u001215,2024-12-03 17:00:00,79.52,Upsell
1055,u001021,2024-04-28 02:00:00,66.59,Trial Started
1056,u001021,2024-02-24 15:00:00,105.5,Upsell
1057,u001032,2024-12-10 19:00:00,42.57,Paid Signup
1058,u000122,2024-09-21 21:00:00,55.4,Upsell
1059,u000122,2024-03-18 20:00:00,53.03,Upsell
1060,u000815,2024-07-16 07:00:00,31.39,Trial Started
1061,u001165,2024-04-12 22:00:00,72.58,Paid Signup
1062,u001660,2024-04-20 05:00:00,44.23,Trial Started
1063,u001660,2024-12-06 10:00:00,67.64,Trial Started
1064,u000037,2024-04-25 05:00:00,61.88,Trial Started
1065,u000243,2024-07-05 02:00:00,47.57,Upsell
1066,u001122,2024-11-12 21:00:00,96.54,Upsell
1067,u001122,2024-04-01 15:00:00,83.35,Upsell
1068,u001606,2024-09-21 04:00:00,58.32,Upsell
1069,u001606,2024-06-11 14:00:00,164.4,Upsell
1070,u000674,2024-04-06 00:00:00,60.29,Paid Signup
1071,u000033,2024-11-21 09:00:00,65.09,Paid Signup
1072,u001139,2024-07-26 11:00:00,99.8,Trial Started
1073,u000425,2024-02-20 09:00:00,65.24,Trial Started
1074,u001239,2024-09-16 10:00:00,38.24,Paid Signup
1075,u001023,2024-06-15 14:00:00,90.98,Trial Started
1076,u000458,2024-02-27 03:00:00,71.04,Paid Signup
1077,u000458,2024-03-22 07:00:00,66.28,Upsell
1078,u000348,2024-03-28 14:00:00,34.29,Paid Signup
1079,u000573,2024-12-18 15:00:00,49.85,Upsell
1080,u000892,2024-08-26 15:00:00,72.15,Paid Signup
1081,u000892,2024-03-19 16:00:00,39.33,Upsell
1082,u001509,2024-03-01 15:00:00,54.23,Upsell
1083,u000572,2024-02-10 01:00:00,41.34,Trial Started
1084,u001206,2024-01-15 14:00:00,39.62,Paid Signup
1085,u001296,2024-11-16 07:00:00,109.79,Trial Started
1086,u000098,2024-04-08 06:00:00,93.38,Paid Signup
1087,u000098,2024-08-14 08:00:00,74.91,Upsell
1088,u000589,2024-04-27 20:00:00,36.43,Trial Started
1089,u000589,2024-05-11 07:00:00,69.34,Upsell
1090,u001065,2024-07-06 13:00:00,64.83,Trial Started
1091,u001712,2024-11-22 04:00:00,126.44,Trial Started
1092,u000282,2024-09-02 22:00:00,91.64,Trial Started
1093,u000282,2024-07-10 05:00:00,35.99,Paid Signup
1094,u000124,2024-04-20 06:00:00,97.38,Paid Signup
1095,u000124,2024-04-25 08:00:00,82.52,Trial Started
1096,u001149,2024-11-17 23:00:00,62.52,Trial Started
1097,u000762,2024-12-19 21:00:00,55.31,Paid Signup
1098,u000762,2024-01-15 16:00:00,49.96,Upsell
1099,u000721,2024-08-08 03:00:00,47.66,Trial Started
1100,u000515,2024-08-22 17:00:00,68.26,Paid Signup
1101,u000489,2024-02-18 05:00:00,97.0,Paid Signup
1102,u001519,2024-10-27 19:00:00,78.03,Upsell
1103,u000817,2024-07-28 04:00:00,61.82,Upsell
1104,u000817,2024-07-13 12:00:00,83.07,Paid Signup
1105,u001346,2024-04-24 18:00:00,24.65,Paid Signup
1106,u000753,2024-05-19 12:00:00,96.06,Trial Started
1107,u000481,2024-11-26 07:00:00,41.88,Paid Signup
1108,u001694,2024-11-06 11:00:00,91.55,Trial Started
1109,u000917,2024-01-26 21:00:00,93.72,Upsell
1110,u001708,2024-07-03 08:00:00,107.38,Trial Started
1111,u001520,2024-01-06 08:00:00,50.32,Paid Signup
1112,u000552,2024-09-15 03:00:00,42.6,Trial Started
1113,u000552,2024-01-08 19:00:00,130.01,Upsell
1114,u000217,2024-09-16 01:00:00,89.22,Paid Signup
1115,u000217,2024-05-02 18:00:00,77.05,Trial Started
1116,u000206,2024-01-19 00:00:00,53.82,Trial Started
1117,u000440,2024-07-07 00:00:00,107.7,Paid Signup
1118,u001251,2024-09-09 15:00:00,54.53,Upsell
1119,u001219,2024-09-16 11:00:00,47.03,Paid Signup
1120,u000384,2024-05-21 07:00:00,88.67,Trial Started
1121,u000358,2024-10-11 08:00:00,43.6,Trial Started
1122,u000844,2024-12-11 16:00:00,74.01,Upsell
1123,u000844,2024-12-17 12:00:00,69.15,Trial Started
1124,u000262,2024-12-06 13:00:00,74.38,Upsell
1125,u000687,2024-07-23 06:00:00,98.5,Upsell
1126,u000687,2024-06-27 06:00:00,65.98,Trial Started
1127,u001798,2024-02-25 06:00:00,69.22,Paid Signup
1128,u000487,2024-02-11 01:00:00,75.86,Upsell
1129,u001523,2024-04-25 04:00:00,93.96,Trial Started
1130,u000893,2024-04-15 17:00:00,90.4,Upsell
1131,u000578,2024-05-06 12:00:00,39.6,Trial Started
1132,u000108,2024-02-28 20:00:00,71.98,Trial Started
1133,u000108,2024-01-02 06:00:00,59.71,Trial Started
1134,u000793,2024-02-01 05:00:00,79.13,Trial Started
1135,u000692,2024-05-26 20:00:00,57.59,Upsell
1136,u000692,2024-10-30 16:00:00,64.03,Trial Started
1137,u001448,2024-05-10 10:00:00,84.79,Paid Signup
1138,u000802,2024-08-07 12:00:00,86.38,Paid Signup
1139,u000888,2024-07-25 07:00:00,50.32,Paid Signup
1140,u001207,2024-06-23 00:00:00,44.32,Trial Started
1141,u001329,2024-11-28 17:00:00,51.26,Trial Started
1142,u001329,2024-04-06 05:00:00,47.14,Upsell
1143,u000795,2024-05-26 18:00:00,53.97,Paid Signup
1144,u000373,2024-02-26 11:00:00,37.59,Trial Started
1145,u000373,2024-12-06 05:00:00,51.82,Upsell
1146,u000908,2024-07-15 20:00:00,65.48,Upsell
1147,u000908,2024-11-17 17:00:00,38.3,Upsell
1148,u001401,2024-05-18 13:00:00,67.26,Paid Signup
1149,u000300,2024-12-01 05:00:00,123.08,Upsell
1150,u000300,2024-05-15 23:00:00,70.14,Paid Signup
1151,u000847,2024-06-25 01:00:00,35.14,Trial Started
1152,u001719,2024-02-07 06:00:00,65.67,Paid Signup
1153,u001248,2024-10-04 20:00:00,86.23,Upsell
1154,u001154,2024-01-04 21:00:00,100.91,Upsell
1155,u000950,2024-10-23 05:00:00,50.13,Trial Started
1156,u001055,2024-02-08 10:00:00,92.04,Paid Signup
1157,u000327,2024-09-01 09:00:00,222.43,Trial Started
1158,u001104,2024-04-26 12:00:00,46.67,Upsell
1159,u000665,2024-03-24 11:00:00,69.51,Trial Started
1160,u000921,2024-07-06 19:00:00,59.55,Upsell
1161,u001269,2024-11-18 19:00:00,41.16,Upsell
1162,u000765,2024-07-17 01:00:00,75.55,Paid Signup
1163,u000765,2024-09-11 05:00:00,36.61,Paid Signup
1164,u000643,2024-05-26 06:00:00,32.18,Trial Started
1165,u000633,2024-07-31 19:00:00,61.94,Trial Started
1166,u000400,2024-03-04 20:00:00,71.49,Paid Signup
1167,u000672,2024-05-01 00:00:00,51.29,Upsell
1168,u000323,2024-09-10 16:00:00,81.06,Upsell
1169,u000850,2024-02-04 11:00:00,85.51,Trial Started
1170,u001361,2024-02-07 05:00:00,133.63,Trial Started
1171,u001361,2024-09-13 19:00:00,42.99,Upsell
1172,u001382,2024-09-29 19:00:00,67.82,Trial Started
1173,u001493,2024-02-18 06:00:00,91.07,Upsell
1174,u001493,2024-02-08 19:00:00,72.9,Upsell
1175,u000420,2024-03-06 08:00:00,71.28,Paid Signup
1176,u001718,2024-01-23 04:00:00,70.99,Paid Signup
1177,u001464,2024-01-31 14:00:00,55.1,Upsell
1178,u000089,2024-04-18 17:00:00,60.5,Upsell
1179,u001648,2024-12-23 08:00:00,62.49,Paid Signup
1180,u001390,2024-07-11 08:00:00,65.55,Trial Started
1181,u001483,2024-03-20 00:00:00,94.32,Upsell
1182,u001483,2024-05-26 18:00:00,42.51,Paid Signup
1183,u000379,2024-06-15 05:00:00,94.52,Trial Started
1184,u000637,2024-04-28 10:00:00,91.26,Trial Started
1185,u001059,2024-08-19 22:00:00,68.67,Paid Signup
1186,u001213,2024-11-03 03:00:00,160.72,Trial Started
1187,u001788,2024-05-29 08:00:00,52.79,Paid Signup
1188,u001350,2024-08-27 14:00:00,83.45,Upsell
1189,u000254,2024-01-01 02:00:00,26.35,Upsell
1190,u001504,2024-03-25 12:00:00,90.78,Paid Signup
1191,u001504,2024-10-20 09:00:00,57.29,Upsell
1192,u001702,2024-08-03 11:00:00,92.27,Upsell
1193,u001702,2024-03-11 06:00:00,131.62,Trial Started
1194,u001503,2024-12-03 16:00:00,66.5,Paid Signup
1195,u000216,2024-12-11 02:00:00,90.54,Upsell
1196,u000635,2024-11-17 17:00:00,91.81,Trial Started
1197,u000759,2024-01-08 14:00:00,91.58,Paid Signup
1198,u000759,2024-03-11 05:00:00,26.75,Upsell
1199,u000371,2024-02-15 17:00:00,91.31,Trial Started
1200,u001487,2024-02-17 11:00:00,59.03,Paid Signup
1201,u000757,2024-09-02 17:00:00,60.05,Paid Signup
1202,u000757,2024-03-22 22:00:00,80.2,Paid Signup
1203,u000194,2024-10-26 14:00:00,49.07,Upsell
1204,u001002,2024-02-12 14:00:00,44.46,Paid Signup
1205,u000607,2024-03-23 08:00:00,78.56,Trial Started
1206,u000608,2024-03-01 11:00:00,104.18,Paid Signup
1207,u000508,2024-10-04 21:00:00,55.2,Trial Started
1208,u000162,2024-09-30 03:00:00,52.2,Upsell
1209,u000063,2024-05-24 02:00:00,95.85,Upsell
1210,u000546,2024-06-13 12:00:00,28.64,Upsell
1211,u001200,2024-10-02 18:00:00,47.42,Trial Started
1212,u000399,2024-08-23 11:00:00,92.56,Upsell
1213,u000399,2024-04-21 00:00:00,54.3,Upsell
1214,u000328,2024-09-16 17:00:00,99.77,Trial Started
1215,u000769,2024-08-18 00:00:00,64.43,Trial Started
1216,u001703,2024-08-25 04:00:00,85.71,Upsell
1217,u000947,2024-08-11 03:00:00,89.96,Trial Started
1218,u001170,2024-01-15 21:00:00,81.04,Trial Started
1219,u000140,2024-11-21 04:00:00,49.66,Paid Signup
1220,u000835,2024-12-16 21:00:00,91.99,Upsell
1221,u001057,2024-01-31 14:00:00,110.84,Upsell
1222,u001057,2024-11-20 12:00:00,103.3,Trial Started
1223,u001734,2024-08-13 06:00:00,115.95,Paid Signup
1224,u000382,2024-01-14 13:00:00,80.49,Trial Started
1225,u000032,2024-02-06 08:00:00,89.46,Paid Signup
1226,u001768,2024-08-31 01:00:00,36.39,Trial Started
1227,u000962,2024-03-27 10:00:00,91.9,Upsell
1228,u000962,2024-11-09 16:00:00,111.96,Upsell
1229,u000001,2024-05-03 17:00:00,161.59,Upsell
1230,u000471,2024-09-10 06:00:00,77.01,Trial Started
1231,u001175,2024-08-13 05:00:00,85.35,Trial Started
1232,u001061,2024-05-30 10:00:00,35.57,Trial Started
1233,u000213,2024-06-16 10:00:00,40.78,Upsell
1234,u001326,2024-06-22 19:00:00,78.25,Paid Signup
1235,u001326,2024-05-31 18:00:00,42.53,Upsell
1236,u001299,2024-07-13 03:00:00,59.21,Trial Started
1237,u001196,2024-03-16 11:00:00,60.26,Upsell
1238,u000409,2024-07-17 21:00:00,77.09,Paid Signup
1239,u000409,2024-04-29 22:00:00,54.78,Upsell
1240,u000789,2024-08-30 17:00:00,63.23,Trial Started
1241,u000955,2024-07-21 19:00:00,78.54,Upsell
1242,u001411,2024-07-12 16:00:00,92.06,Trial Started
1243,u000906,2024-02-18 07:00:00,57.3,Paid Signup
1244,u000599,2024-07-09 05:00:00,59.71,Paid Signup
1245,u000231,2024-03-01 02:00:00,75.68,Paid Signup
1246,u000231,2024-11-11 07:00:00,48.32,Upsell
1247,u000178,2024-01-13 04:00:00,46.22,Upsell
1248,u000178,2024-10-28 13:00:00,90.96,Trial Started
1249,u001407,2024-06-16 09:00:00,54.29,Trial Started
1250,u001407,2024-05-13 10:00:00,94.9,Paid Signup
1251,u001212,2024-05-02 18:00:00,42.85,Trial Started
1252,u000304,2024-05-17 11:00:00,24.02,Paid Signup
1253,u000304,2024-11-07 12:00:00,93.89,Upsell
1254,u001662,2024-04-05 13:00:00,60.79,Trial Started
1255,u001276,2024-06-25 13:00:00,65.2,Paid Signup
1256,u001276,2024-06-21 09:00:00,102.49,Paid Signup
1257,u000299,2024-07-19 20:00:00,151.7,Trial Started
1258,u000997,2024-10-07 06:00:00,44.01,Paid Signup
1259,u000242,2024-02-14 10:00:00,141.7,Paid Signup
1260,u000560,2024-04-30 03:00:00,74.94,Paid Signup
1261,u000560,2024-11-18 11:00:00,94.04,Upsell
1262,u001444,2024-11-08 08:00:00,61.63,Upsell
1263,u001444,2024-09-01 14:00:00,69.52,Paid Signup
1264,u000760,2024-03-19 16:00:00,48.77,Paid Signup
1265,u001146,2024-04-24 10:00:00,54.77,Upsell
1266,u000810,2024-06-22 10:00:00,50.4,Trial Started
1267,u000457,2024-08-02 11:00:00,101.16,Trial Started
1268,u000867,2024-10-07 19:00:00,70.84,Trial Started
1269,u000867,2024-04-17 17:00:00,179.08,Upsell
1270,u001650,2024-10-03 20:00:00,67.52,Upsell
1271,u000948,2024-07-15 17:00:00,105.19,Upsell
1272,u000370,2024-02-18 14:00:00,48.86,Trial Started
1273,u000504,2024-09-12 15:00:00,94.43,Paid Signup
1274,u001396,2024-01-30 12:00:00,51.94,Upsell
1275,u001402,2024-03-16 20:00:00,116.2,Upsell
1276,u000863,2024-10-13 17:00:00,49.79,Upsell
1277,u000871,2024-01-25 21:00:00,107.85,Trial Started
1278,u001640,2024-01-06 23:00:00,81.94,Trial Started
1279,u000185,2024-12-08 04:00:00,77.93,Paid Signup
1280,u000055,2024-07-16 00:00:00,22.82,Trial Started
1281,u000055,2024-05-05 05:00:00,95.37,Upsell
1282,u000398,2024-05-30 14:00:00,51.61,Paid Signup
1283,u001572,2024-11-30 14:00:00,34.44,Trial Started
1284,u000628,2024-10-26 03:00:00,40.19,Trial Started
1285,u001590,2024-07-29 22:00:00,80.67,Upsell
1286,u001590,2024-09-28 07:00:00,65.82,Trial Started
1287,u001717,2024-03-28 11:00:00,68.21,Trial Started
1288,u001678,2024-02-22 02:00:00,71.06,Paid Signup
1289,u001081,2024-01-09 22:00:00,51.67,Upsell
1290,u001637,2024-08-18 17:00:00,43.47,Paid Signup
1291,u001624,2024-02-13 19:00:00,80.87,Paid Signup
1292,u000986,2024-12-30 21:00:00,86.86,Upsell
1293,u000986,2024-08-06 01:00:00,155.37,Paid Signup
1294,u001063,2024-11-02 00:00:00,70.18,Paid Signup
1295,u000616,2024-07-28 00:00:00,69.76,Trial Started
1296,u000116,2024-01-12 00:00:00,38.72,Trial Started
1297,u001311,2024-02-07 23:00:00,39.12,Upsell
1298,u001216,2024-06-02 11:00:00,50.52,Paid Signup
1299,u000971,2024-12-13 18:00:00,52.5,Upsell
1300,u000285,2024-10-14 18:00:00,98.76,Paid Signup
1301,u000656,2024-08-30 12:00:00,62.93,Paid Signup
1302,u000624,2024-10-07 16:00:00,126.24,Upsell
1303,u001259,2024-05-07 08:00:00,82.84,Trial Started
1304,u000941,2024-06-19 17:00:00,40.66,Upsell
1305,u001578,2024-11-15 01:00:00,71.91,Paid Signup
1306,u000933,2024-06-25 03:00:00,43.62,Paid Signup
1307,u000424,2024-01-22 02:00:00,43.8,Trial Started
1308,u000424,2024-01-19 12:00:00,40.11,Paid Signup
1309,u000833,2024-04-16 05:00:00,47.03,Paid Signup
1310,u001592,2024-07-08 01:00:00,101.62,Upsell
1311,u001592,2024-06-17 01:00:00,70.28,Upsell
1312,u000038,2024-05-16 20:00:00,55.51,Trial Started
1313,u000197,2024-07-22 13:00:00,52.4,Upsell
1314,u001115,2024-06-04 00:00:00,38.49,Trial Started
1315,u000864,2024-12-30 14:00:00,44.94,Upsell
1316,u001598,2024-08-04 11:00:00,37.58,Trial Started
1317,u001180,2024-02-18 23:00:00,109.61,Paid Signup
1318,u000134,2024-04-09 01:00:00,40.11,Upsell
1319,u000134,2024-04-11 13:00:00,52.32,Upsell
1320,u001356,2024-07-22 13:00:00,45.78,Paid Signup
1321,u000143,2024-02-24 04:00:00,126.95,Paid Signup
1322,u000587,2024-11-26 09:00:00,45.88,Trial Started
1323,u000587,2024-09-18 12:00:00,52.94,Paid Signup
1324,u000200,2024-06-13 07:00:00,32.4,Trial Started
1325,u000746,2024-06-12 19:00:00,46.05,Trial Started
1326,u001732,2024-03-08 21:00:00,40.65,Paid Signup
1327,u001308,2024-04-04 18:00:00,67.1,Paid Signup
1328,u001080,2024-07-10 16:00:00,46.6,Paid Signup
1329,u001234,2024-09-23 01:00:00,45.88,Paid Signup
1330,u001490,2024-10-08 11:00:00,46.86,Upsell
1331,u000283,2024-05-18 22:00:00,90.18,Upsell
1332,u000250,2024-02-15 23:00:00,54.3,Paid Signup
1333,u000250,2024-07-22 17:00:00,109.03,Upsell
1334,u001580,2024-02-24 10:00:00,122.11,Trial Started
1335,u001675,2024-04-21 07:00:00,129.91,Trial Started
1336,u000430,2024-04-12 21:00:00,122.5,Paid Signup
1337,u000430,2024-06-06 13:00:00,77.08,Trial Started
1338,u001352,2024-04-07 14:00:00,57.23,Trial Started
1339,u000209,2024-12-07 15:00:00,122.07,Paid Signup
1340,u000209,2024-07-24 19:00:00,105.71,Paid Signup
1341,u001294,2024-04-18 08:00:00,25.0,Trial Started
1342,u001294,2024-07-16 01:00:00,84.02,Trial Started
1343,u001601,2024-06-16 12:00:00,68.58,Paid Signup
1344,u001469,2024-12-13 19:00:00,90.43,Paid Signup
1345,u001447,2024-08-26 11:00:00,57.81,Trial Started
1346,u000013,2024-12-04 05:00:00,76.42,Paid Signup
1347,u001577,2024-01-30 22:00:00,91.04,Upsell
1348,u001577,2024-09-01 10:00:00,72.4,Upsell
1349,u001461,2024-07-15 02:00:00,75.93,Paid Signup
1350,u000053,2024-08-30 05:00:00,58.85,Paid Signup
1351,u000763,2024-07-31 22:00:00,52.85,Paid Signup
1352,u001395,2024-12-09 14:00:00,59.85,Paid Signup
1353,u000975,2024-01-10 20:00:00,80.87,Paid Signup
1354,u000556,2024-01-05 00:00:00,57.31,Upsell
1355,u000016,2024-08-29 20:00:00,43.56,Trial Started
1356,u000339,2024-07-15 19:00:00,93.07,Upsell
1357,u001337,2024-11-24 10:00:00,26.97,Trial Started
1358,u001258,2024-12-15 21:00:00,38.28,Upsell
1359,u001585,2024-03-14 04:00:00,32.98,Trial Started
1360,u000729,2024-01-14 14:00:00,98.19,Upsell
1361,u000729,2024-11-07 07:00:00,117.26,Paid Signup
1362,u001423,2024-03-21 09:00:00,78.65,Trial Started
1363,u000869,2024-02-05 15:00:00,75.19,Paid Signup
1364,u000869,2024-12-20 21:00:00,52.24,Trial Started
1365,u000361,2024-03-20 06:00:00,50.02,Trial Started
1366,u000361,2024-12-22 13:00:00,56.69,Trial Started
1367,u001756,2024-09-06 15:00:00,56.08,Upsell
1368,u001135,2024-07-07 14:00:00,147.18,Paid Signup
1369,u001328,2024-10-15 15:00:00,62.87,Paid Signup
1370,u001158,2024-03-12 13:00:00,34.14,Upsell
1371,u000109,2024-12-23 07:00:00,104.89,Paid Signup
1372,u001410,2024-02-21 02:00:00,47.3,Paid Signup
1373,u001385,2024-09-11 11:00:00,34.51,Trial Started
1374,u000182,2024-10-03 19:00:00,137.35,Paid Signup
1375,u000784,2024-12-06 23:00:00,81.47,Paid Signup
1376,u001348,2024-09-27 23:00:00,90.29,Upsell
1377,u000517,2024-06-24 23:00:00,34.54,Trial Started
1378,u000711,2024-07-11 14:00:00,61.12,Upsell
1379,u000352,2024-02-03 01:00:00,50.92,Upsell
1380,u000352,2024-05-20 00:00:00,40.64,Upsell
1381,u000724,2024-08-21 09:00:00,120.26,Upsell
1382,u001429,2024-11-26 06:00:00,77.86,Trial Started
1383,u000741,2024-07-20 03:00:00,71.47,Paid Signup
1384,u000741,2024-03-03 20:00:00,70.32,Paid Signup
1385,u000501,2024-08-16 03:00:00,144.94,Upsell
1386,u000501,2024-01-05 00:00:00,81.56,Upsell
1387,u001615,2024-01-14 12:00:00,63.31,Upsell
1388,u001615,2024-01-30 21:00:00,103.62,Paid Signup
1389,u000597,2024-08-15 23:00:00,78.72,Trial Started
1390,u000597,2024-07-30 06:00:00,95.67,Trial Started
1391,u000130,2024-09-14 02:00:00,50.4,Paid Signup
1392,u000413,2024-07-29 18:00:00,69.59,Paid Signup
1393,u000067,2024-05-15 23:00:00,40.46,Paid Signup
1394,u000617,2024-09-05 03:00:00,54.54,Upsell
1395,u001007,2024-05-29 23:00:00,54.13,Paid Signup
1396,u000878,2024-10-01 05:00:00,56.84,Upsell
1397,u000878,2024-08-31 15:00:00,50.45,Paid Signup
1398,u000402,2024-03-09 10:00:00,55.03,Paid Signup
1399,u000416,2024-04-11 04:00:00,43.82,Upsell
1400,u000416,2024-06-01 03:00:00,39.61,Trial Started
1401,u000403,2024-01-17 19:00:00,224.37,Paid Signup
1402,u000571,2024-12-19 15:00:00,77.2,Upsell
1403,u001383,2024-02-04 15:00:00,30.73,Paid Signup
1404,u001625,2024-04-11 11:00:00,25.69,Trial Started
1405,u001317,2024-05-30 13:00:00,184.74,Paid Signup
1406,u000942,2024-09-16 23:00:00,63.43,Paid Signup
1407,u000942,2024-08-03 12:00:00,83.6,Upsell
1408,u000258,2024-04-11 23:00:00,64.12,Upsell
1409,u001244,2024-02-24 01:00:00,42.59,Trial Started
1410,u001681,2024-11-24 18:00:00,62.88,Paid Signup
1411,u000551,2024-02-09 04:00:00,57.59,Paid Signup
1412,u001656,2024-05-04 23:00:00,60.53,Trial Started
1413,u000768,2024-03-30 05:00:00,62.27,Paid Signup
1414,u000714,2024-05-01 22:00:00,136.07,Trial Started
1415,u001782,2024-06-17 07:00:00,52.06,Upsell
1416,u001782,2024-06-08 05:00:00,73.57,Trial Started
1417,u001300,2024-11-10 09:00:00,62.08,Trial Started
1418,u000295,2024-06-10 16:00:00,46.57,Upsell
1419,u000967,2024-02-28 22:00:00,65.96,Upsell
1420,u001111,2024-06-09 08:00:00,92.25,Trial Started
1421,u001161,2024-11-14 09:00:00,44.85,Trial Started
1422,u000659,2024-03-31 16:00:00,89.28,Trial Started
1423,u001083,2024-08-25 04:00:00,67.34,Paid Signup
1424,u000612,2024-02-13 10:00:00,99.11,Trial Started
1425,u001393,2024-06-03 07:00:00,45.84,Paid Signup
1426,u000821,2024-06-20 06:00:00,82.84,Paid Signup
1427,u000821,2024-01-14 03:00:00,58.19,Paid Signup
1428,u001302,2024-03-23 19:00:00,32.33,Paid Signup
1429,u001638,2024-11-08 11:00:00,67.49,Paid Signup
1430,u000025,2024-07-04 20:00:00,159.97,Paid Signup
1431,u000580,2024-05-14 20:00:00,120.21,Trial Started
1432,u000105,2024-05-03 04:00:00,62.09,Trial Started
1433,u001254,2024-02-22 21:00:00,97.91,Paid Signup
1434,u000456,2024-06-14 23:00:00,60.25,Trial Started
1435,u000473,2024-02-04 05:00:00,114.23,Trial Started
1436,u000031,2024-01-22 20:00:00,60.92,Trial Started
1437,u000342,2024-11-25 19:00:00,83.77,Upsell
1438,u000342,2024-01-01 20:00:00,32.33,Paid Signup
1439,u001636,2024-09-30 00:00:00,93.06,Trial Started
1440,u001636,2024-07-28 20:00:00,100.6,Trial Started
1441,u000896,2024-05-11 05:00:00,68.26,Trial Started
1442,u001176,2024-08-09 10:00:00,79.94,Trial Started
1443,u000002,2024-11-01 13:00:00,73.05,Upsell
1444,u001403,2024-10-30 08:00:00,60.99,Paid Signup
1445,u000405,2024-06-11 19:00:00,124.76,Trial Started
1446,u001235,2024-04-15 09:00:00,71.68,Trial Started
1447,u001014,2024-02-25 13:00:00,83.55,Trial Started
1448,u000356,2024-04-19 22:00:00,31.35,Paid Signup
1449,u000170,2024-05-05 21:00:00,88.83,Trial Started
1450,u000225,2024-08-16 13:00:00,65.48,Paid Signup
1451,u000914,2024-09-21 10:00:00,78.64,Paid Signup
1452,u000931,2024-05-17 06:00:00,34.86,Trial Started
1453,u000931,2024-06-21 18:00:00,93.71,Paid Signup
1454,u000814,2024-06-23 07:00:00,61.95,Upsell
1455,u000497,2024-10-05 05:00:00,65.22,Upsell
1456,u000024,2024-08-10 21:00:00,66.73,Trial Started
1457,u000703,2024-12-07 05:00:00,36.23,Upsell
1458,u000703,2024-05-08 08:00:00,69.75,Paid Signup
1459,u000483,2024-09-13 18:00:00,48.74,Upsell
1460,u001172,2024-03-04 21:00:00,60.4,Paid Signup
1461,u001172,2024-11-19 13:00:00,58.93,Trial Started
1462,u001316,2024-04-08 05:00:00,130.65,Paid Signup
1463,u001141,2024-11-30 03:00:00,46.12,Paid Signup
1464,u001418,2024-08-07 18:00:00,53.82,Trial Started
1465,u001573,2024-03-05 15:00:00,106.1,Trial Started
1466,u001368,2024-08-22 08:00:00,49.97,Paid Signup
1467,u000102,2024-11-29 10:00:00,74.31,Upsell
1468,u001609,2024-01-23 10:00:00,82.13,Paid Signup
1469,u001612,2024-09-16 20:00:00,167.66,Upsell
1470,u000188,2024-02-27 19:00:00,83.31,Trial Started
1471,u001515,2024-02-19 07:00:00,139.79,Paid Signup
1472,u001035,2024-12-24 03:00:00,66.48,Upsell
1473,u001035,2024-12-26 12:00:00,68.09,Paid Signup
1474,u000132,2024-05-21 20:00:00,61.31,Upsell
1475,u000132,2024-02-14 18:00:00,56.5,Trial Started
1476,u000434,2024-06-09 08:00:00,75.68,Trial Started
1477,u001220,2024-08-25 10:00:00,65.46,Paid Signup
1478,u001608,2024-06-13 01:00:00,49.83,Upsell
1479,u001185,2024-01-17 04:00:00,190.7,Paid Signup
1480,u000747,2024-01-23 21:00:00,136.39,Trial Started
1481,u000747,2024-06-27 20:00:00,145.8,Paid Signup
1482,u000263,2024-01-25 00:00:00,86.11,Paid Signup
1483,u000263,2024-10-14 05:00:00,55.34,Trial Started
1484,u001152,2024-11-20 20:00:00,94.1,Paid Signup
1485,u001152,2024-01-05 07:00:00,39.26,Paid Signup
1486,u001551,2024-11-17 21:00:00,59.58,Paid Signup
1487,u000657,2024-01-31 15:00:00,53.98,Trial Started
1488,u000657,2024-11-10 16:00:00,69.81,Trial Started
1489,u000581,2024-05-28 04:00:00,216.75,Trial Started
1490,u001297,2024-07-30 02:00:00,67.66,Trial Started
1491,u001307,2024-07-27 22:00:00,91.86,Trial Started
1492,u001099,2024-07-05 21:00:00,34.86,Upsell
1493,u001099,2024-08-12 23:00:00,63.1,Paid Signup
1494,u000772,2024-02-20 23:00:00,74.86,Trial Started
1495,u000267,2024-12-10 17:00:00,36.44,Paid Signup
1496,u001430,2024-08-25 22:00:00,84.94,Trial Started
1497,u001521,2024-09-08 15:00:00,100.69,Upsell
1498,u000836,2024-12-07 14:00:00,28.87,Upsell
1499,u001121,2024-11-14 22:00:00,83.68,Upsell
1500,u001582,2024-07-21 18:00:00,61.05,Upsell
1501,u001247,2024-09-01 22:00:00,111.68,Upsell
1502,u000540,2024-11-23 13:00:00,101.57,Upsell
1503,u000883,2024-05-30 16:00:00,31.24,Paid Signup
1504,u001543,2024-04-03 05:00:00,79.86,Upsell
1505,u001543,2024-06-01 12:00:00,106.63,Paid Signup
1506,u000247,2024-10-07 18:00:00,49.51,Upsell
1507,u000273,2024-11-30 09:00:00,71.87,Upsell
1508,u001479,2024-05-18 10:00:00,78.18,Upsell
1509,u000732,2024-12-27 11:00:00,52.84,Paid Signup
1510,u000891,2024-12-14 12:00:00,41.91,Paid Signup
1511,u000891,2024-06-03 03:00:00,46.39,Upsell
1512,u000785,2024-07-24 04:00:00,108.53,Trial Started
1513,u000678,2024-11-14 16:00:00,101.98,Trial Started
1514,u000034,2024-11-19 16:00:00,97.45,Upsell
1515,u001513,2024-11-10 03:00:00,63.21,Paid Signup
1516,u000274,2024-09-12 06:00:00,222.64,Upsell
1517,u001243,2024-02-19 10:00:00,77.11,Trial Started
1518,u001243,2024-07-31 01:00:00,79.67,Upsell
1519,u000904,2024-02-27 13:00:00,75.96,Paid Signup
1520,u000091,2024-08-22 13:00:00,77.9,Paid Signup
1521,u000415,2024-10-21 17:00:00,83.51,Upsell
1522,u000513,2024-05-23 04:00:00,117.96,Paid Signup
1523,u000982,2024-04-07 12:00:00,71.03,Upsell
1524,u000359,2024-04-04 10:00:00,116.12,Trial Started
1525,u000837,2024-12-07 01:00:00,87.44,Paid Signup
1526,u000090,2024-12-12 21:00:00,98.15,Trial Started
1527,u000646,2024-08-30 06:00:00,59.38,Upsell
1528,u000346,2024-12-14 20:00:00,43.08,Upsell
1529,u001680,2024-09-27 20:00:00,74.58,Paid Signup
1530,u001757,2024-11-02 01:00:00,36.18,Upsell
1531,u000801,2024-03-11 13:00:00,47.41,Upsell
1532,u000716,2024-11-21 20:00:00,133.64,Paid Signup
1533,u001593,2024-06-21 08:00:00,73.21,Paid Signup
1534,u001593,2024-09-01 07:00:00,22.94,Upsell
1535,u001094,2024-05-04 22:00:00,55.83,Upsell
1536,u001205,2024-03-20 09:00:00,87.66,Paid Signup
1537,u001205,2024-09-23 11:00:00,51.77,Upsell
1538,u000650,2024-08-24 18:00:00,69.92,Trial Started
1539,u000882,2024-11-23 22:00:00,86.95,Trial Started
1540,u000882,2024-12-04 16:00:00,64.52,Trial Started
1541,u001742,2024-11-16 16:00:00,88.16,Trial Started
1542,u000375,2024-06-03 08:00:00,72.66,Paid Signup
1543,u000375,2024-02-18 14:00:00,41.87,Trial Started
1544,u000972,2024-09-15 13:00:00,51.9,Upsell
1545,u001183,2024-12-23 16:00:00,66.32,Upsell
1546,u000111,2024-10-27 06:00:00,48.0,Trial Started
1547,u000895,2024-11-01 20:00:00,49.8,Trial Started
1548,u001558,2024-07-01 16:00:00,55.96,Upsell
1549,u000804,2024-08-10 11:00:00,55.19,Paid Signup
1550,u000621,2024-06-25 15:00:00,45.96,Upsell
1551,u000756,2024-08-25 14:00:00,85.43,Paid Signup
1552,u000227,2024-02-01 02:00:00,74.34,Trial Started
1553,u000533,2024-10-13 16:00:00,60.15,Upsell
1554,u000052,2024-09-28 07:00:00,31.15,Upsell
1555,u000052,2024-06-24 08:00:00,87.42,Paid Signup
1556,u000851,2024-12-21 22:00:00,107.59,Upsell
1557,u000099,2024-01-14 05:00:00,36.89,Paid Signup
1558,u000706,2024-07-05 13:00:00,108.78,Paid Signup
1559,u000693,2024-04-30 18:00:00,43.61,Paid Signup
1560,u001233,2024-11-25 10:00:00,53.36,Upsell
1561,u001325,2024-07-27 07:00:00,36.48,Trial Started
1562,u001767,2024-02-10 14:00:00,78.39,Upsell
1563,u001349,2024-06-22 00:00:00,51.33,Upsell
1564,u000886,2024-11-07 17:00:00,111.9,Upsell
1565,u001043,2024-12-04 14:00:00,101.51,Upsell
1566,u000928,2024-01-27 17:00:00,46.33,Trial Started
1567,u001677,2024-02-02 04:00:00,56.78,Upsell
1568,u001677,2024-09-22 00:00:00,64.94,Upsell
1569,u000544,2024-07-20 20:00:00,62.0,Upsell
1570,u000544,2024-09-15 18:00:00,52.57,Paid Signup
1571,u001725,2024-01-19 04:00:00,120.54,Upsell
1572,u000080,2024-01-28 19:00:00,69.42,Paid Signup
1573,u001194,2024-09-26 13:00:00,147.38,Trial Started
1574,u001685,2024-02-17 09:00:00,36.7,Trial Started
1575,u001685,2024-05-20 04:00:00,64.47,Upsell
1576,u000934,2024-01-17 22:00:00,42.65,Paid Signup
1577,u000934,2024-03-23 09:00:00,98.31,Paid Signup
1578,u000619,2024-03-01 17:00:00,26.27,Upsell
1579,u000003,2024-01-10 16:00:00,60.05,Paid Signup
1580,u000658,2024-08-16 03:00:00,71.07,Upsell
1581,u001049,2024-03-12 07:00:00,42.64,Upsell
1582,u001049,2024-05-18 10:00:00,63.76,Upsell
1583,u000879,2024-02-19 14:00:00,101.59,Paid Signup
1584,u000255,2024-04-19 14:00:00,77.79,Upsell
1585,u001090,2024-03-18 14:00:00,68.21,Upsell
1586,u000133,2024-11-12 19:00:00,107.06,Upsell
1587,u001751,2024-11-26 18:00:00,65.27,Upsell
1588,u000799,2024-10-09 08:00:00,62.63,Paid Signup
1589,u000799,2024-11-03 02:00:00,80.84,Paid Signup
1590,u000920,2024-07-28 08:00:00,84.15,Trial Started
1591,u000781,2024-04-18 01:00:00,84.63,Upsell
1592,u000899,2024-12-26 18:00:00,53.45,Trial Started
1593,u001085,2024-02-11 13:00:00,85.74,Upsell
1594,u001078,2024-04-07 06:00:00,45.15,Trial Started
1595,u001078,2024-11-20 19:00:00,97.44,Upsell
1596,u001252,2024-10-31 22:00:00,55.58,Upsell
1597,u001252,2024-08-08 03:00:00,53.24,Upsell
1598,u000743,2024-09-04 20:00:00,45.62,Upsell
1599,u000834,2024-06-17 23:00:00,73.34,Upsell
1600,u000834,2024-08-09 15:00:00,79.99,Paid Signup
1601,u000354,2024-12-14 17:00:00,100.16,Paid Signup
1602,u000480,2024-11-25 05:00:00,72.47,Paid Signup
1603,u001761,2024-05-06 10:00:00,40.44,Paid Signup
1604,u000905,2024-11-28 09:00:00,76.9,Trial Started
1605,u001054,2024-06-12 00:00:00,66.84,Paid Signup
1606,u001054,2024-08-22 07:00:00,85.14,Upsell
1607,u001723,2024-03-25 15:00:00,108.95,Trial Started
1608,u001010,2024-03-08 08:00:00,102.92,Paid Signup
1609,u000813,2024-05-26 02:00:00,48.36,Paid Signup
1610,u000813,2024-06-22 21:00:00,83.07,Paid Signup
1611,u001780,2024-06-10 16:00:00,38.01,Paid Signup
1612,u000246,2024-08-19 05:00:00,70.21,Trial Started
1613,u000383,2024-06-16 10:00:00,43.34,Paid Signup
1614,u000383,2024-07-01 07:00:00,92.78,Paid Signup
1615,u000691,2024-03-08 23:00:00,94.04,Trial Started
1616,u001405,2024-12-21 12:00:00,46.11,Upsell
1617,u000639,2024-01-01 22:00:00,89.86,Paid Signup
1618,u000594,2024-12-30 07:00:00,149.1,Trial Started
1619,u000125,2024-05-19 04:00:00,64.85,Upsell
1620,u001763,2024-07-24 12:00:00,47.88,Trial Started
1621,u001265,2024-02-25 10:00:00,29.51,Trial Started
1622,u000705,2024-10-14 00:00:00,90.43,Paid Signup
1623,u001409,2024-09-21 13:00:00,111.94,Paid Signup
1624,u001409,2024-10-24 17:00:00,95.43,Paid Signup
1625,u000115,2024-06-27 12:00:00,55.61,Trial Started
1626,u000652,2024-11-11 15:00:00,57.4,Trial Started
1627,u000652,2024-05-22 07:00:00,58.71,Trial Started
1628,u001534,2024-07-04 18:00:00,117.39,Upsell
1629,u000144,2024-07-31 16:00:00,58.67,Trial Started
1630,u000058,2024-08-25 08:00:00,56.78,Upsell
1631,u001153,2024-09-03 07:00:00,72.33,Paid Signup
1632,u000183,2024-01-29 06:00:00,79.22,Paid Signup
1633,u000183,2024-01-14 12:00:00,55.12,Upsell
1634,u000117,2024-01-21 13:00:00,65.77,Upsell
1635,u000117,2024-12-01 09:00:00,80.26,Paid Signup
1636,u000314,2024-01-09 16:00:00,89.96,Trial Started
1637,u000314,2024-10-04 02:00:00,92.79,Trial Started
1638,u001088,2024-03-23 04:00:00,141.2,Upsell
1639,u000294,2024-05-21 23:00:00,93.44,Trial Started
1640,u000294,2024-04-02 02:00:00,52.76,Paid Signup
1641,u000411,2024-04-30 10:00:00,49.99,Trial Started
1642,u000297,2024-10-25 15:00:00,59.4,Trial Started
1643,u001077,2024-06-16 05:00:00,97.22,Upsell
1644,u001077,2024-01-12 10:00:00,68.64,Trial Started
1645,u000970,2024-10-14 17:00:00,88.29,Upsell
1646,u001260,2024-03-19 23:00:00,63.12,Trial Started
1647,u000308,2024-12-03 00:00:00,51.76,Paid Signup
1648,u000223,2024-12-02 15:00:00,52.96,Paid Signup
1649,u000310,2024-07-23 22:00:00,50.63,Upsell
1650,u000142,2024-05-05 08:00:00,37.2,Paid Signup
1651,u000394,2024-07-15 05:00:00,82.62,Trial Started
1652,u000936,2024-07-26 17:00:00,100.77,Paid Signup
1653,u000514,2024-05-21 21:00:00,49.96,Upsell
1654,u001559,2024-08-04 19:00:00,30.57,Trial Started
1655,u000306,2024-06-24 02:00:00,93.37,Paid Signup
1656,u001627,2024-09-09 17:00:00,41.44,Paid Signup
1657,u001627,2024-07-03 13:00:00,110.52,Trial Started
1658,u000438,2024-03-16 16:00:00,90.59,Upsell
1659,u000898,2024-12-16 03:00:00,108.98,Upsell
1660,u000707,2024-09-23 06:00:00,47.68,Upsell
1661,u001791,2024-06-20 08:00:00,70.46,Trial Started
1662,u001527,2024-12-09 00:00:00,41.56,Paid Signup
1663,u001527,2024-08-08 04:00:00,34.66,Paid Signup
1664,u001357,2024-06-24 09:00:00,87.99,Paid Signup
1665,u001357,2024-03-04 05:00:00,52.73,Trial Started
1666,u000172,2024-04-18 18:00:00,42.41,Paid Signup
1667,u000172,2024-10-17 13:00:00,112.58,Trial Started
1668,u001453,2024-06-14 06:00:00,76.19,Paid Signup
1669,u000916,2024-02-29 18:00:00,35.11,Paid Signup
1670,u000820,2024-12-22 07:00:00,44.09,Trial Started
1671,u000334,2024-10-21 13:00:00,89.47,Upsell
1672,u001295,2024-04-08 22:00:00,30.39,Trial Started
1673,u001295,2024-10-24 14:00:00,121.2,Paid Signup
1674,u001354,2024-06-03 18:00:00,38.68,Paid Signup
1675,u000739,2024-10-13 07:00:00,291.86,Paid Signup
1676,u000256,2024-04-13 03:00:00,93.99,Trial Started
1677,u000256,2024-11-20 14:00:00,36.49,Upsell
1678,u000524,2024-08-18 17:00:00,77.26,Upsell
1679,u001162,2024-02-05 19:00:00,30.56,Paid Signup
1680,u000298,2024-01-01 07:00:00,110.74,Paid Signup
1681,u000697,2024-02-26 19:00:00,38.62,Upsell
1682,u000697,2024-09-06 11:00:00,41.36,Paid Signup
1683,u001629,2024-01-04 16:00:00,151.81,Trial Started
1684,u000798,2024-04-30 01:00:00,61.1,Trial Started
1685,u000220,2024-12-20 23:00:00,70.92,Upsell
1686,u000220,2024-03-25 14:00:00,74.43,Upsell
1687,u000276,2024-07-11 01:00:00,64.04,Paid Signup
1688,u000043,2024-04-28 21:00:00,75.28,Upsell
1689,u000043,2024-04-12 06:00:00,65.49,Upsell
1690,u001209,2024-06-11 06:00:00,53.98,Upsell
1691,u001238,2024-04-27 01:00:00,102.73,Upsell
1692,u001705,2024-12-18 17:00:00,75.59,Paid Signup
1693,u001384,2024-04-22 07:00:00,76.19,Trial Started
1694,u001384,2024-03-20 22:00:00,69.32,Paid Signup
1695,u000353,2024-12-26 23:00:00,54.06,Trial Started
1696,u000341,2024-12-18 20:00:00,36.16,Trial Started
1697,u001181,2024-05-23 17:00:00,53.27,Upsell
1698,u001181,2024-07-15 10:00:00,66.38,Paid Signup
1699,u000062,2024-04-06 05:00:00,91.08,Upsell
1700,u000265,2024-10-17 23:00:00,45.95,Trial Started
1701,u001358,2024-12-20 01:00:00,27.34,Trial Started
1702,u000943,2024-05-31 16:00:00,102.48,Trial Started
1703,u000943,2024-09-28 20:00:00,59.2,Trial Started
1704,u000773,2024-12-15 15:00:00,29.95,Trial Started
1705,u001214,2024-03-03 19:00:00,100.41,Trial Started
1706,u000568,2024-08-24 05:00:00,81.02,Paid Signup
1707,u001020,2024-09-09 10:00:00,51.5,Upsell
1708,u001643,2024-01-19 22:00:00,134.16,Trial Started
1709,u000666,2024-07-08 22:00:00,91.49,Trial Started
1710,u000531,2024-10-01 10:00:00,84.68,Trial Started
1711,u000507,2024-08-07 01:00:00,47.95,Trial Started
1712,u001210,2024-02-29 14:00:00,29.24,Upsell
1713,u001210,2024-11-17 01:00:00,60.49,Trial Started
1714,u001237,2024-10-05 02:00:00,62.06,Paid Signup
1715,u001536,2024-01-17 13:00:00,60.87,Upsell
1716,u000493,2024-10-04 01:00:00,69.98,Upsell
1717,u001123,2024-10-30 19:00:00,134.56,Upsell
1718,u001123,2024-11-09 08:00:00,58.25,Upsell
